0.000000, 0.000000, 0.000000, 0.000000, 0.000000, 0.000000, 0.000000, 0.000000, 0.000000, 0.000000, 1.000000, 0.000000, 0.000000, 0.000000, 0.000000, 0.000000, 0.000000, 0.000000, 0.000000, 0.000000, 0.000340, 0.000120, 0.000120, 0.000050, 0.000120, 0.000340, 0.000120, 0.000050, 0.000120, 0.002470, 0.006690, 0.000120, 0.999990, 0.000910, 0.000050, 0.000120, 0.000340, 0.000120, 0.000340, 0.002470, 2.350000, 0.220000, 4.430000, 1.230000, 5.710000, 0.380000, 0.320000, 0.807669, 0.827000, 0.003000, 0.003000, 0.994000
0.000000, 0.000000, 0.000000, 0.000000, 0.000000, 0.000000, 0.000000, 0.000000, 0.000000, 0.000000, 0.000000, 0.000000, 0.000000, 1.000000, 0.000000, 0.000000, 0.000000, 0.000000, 0.000000, 0.000000, 0.047430, 0.982010, 0.731060, 0.731060, 0.000340, 0.952570, 0.880800, 0.002470, 0.952570, 0.119200, 0.017990, 0.993310, 0.002470, 0.002470, 0.006690, 0.017990, 0.017990, 0.017990, 0.047430, 0.002470, 1.560000, 0.180000, 3.950000, -0.220000, 5.650000, 0.360000, 0.250000, 0.492013, 0.564000, 0.047000, 0.018000, 0.935000
0.000000, 0.000000, 0.000000, 0.000000, 0.000000, 0.000000, 0.000000, 0.000000, 0.000000, 0.000000, 0.000000, 0.000000, 0.000000, 0.000000, 0.000000, 0.000000, 0.000000, 1.000000, 0.000000, 0.000000, 0.006690, 0.000340, 0.000120, 0.000050, 0.047430, 0.000340, 0.000120, 0.000050, 0.000120, 0.982010, 0.997530, 0.000120, 0.119200, 0.002470, 0.000120, 0.000340, 0.000910, 0.000340, 0.000910, 0.880800, 3.670000, 0.140000, 3.000000, 1.220000, 6.020000, 0.270000, 0.490000, 0.305912, 0.408000, 0.084000, 0.052000, 0.864000
0.000000, 0.000000, 0.000000, 0.000000, 1.000000, 0.000000, 0.000000, 0.000000, 0.000000, 0.000000, 0.000000, 0.000000, 0.000000, 0.000000, 0.000000, 0.000000, 0.000000, 0.000000, 0.000000, 0.000000, 0.002470, 0.000910, 0.000340, 0.000910, 0.119200, 0.000910, 0.000340, 0.002470, 0.731060, 0.982010, 0.731060, 0.000910, 0.268940, 0.982010, 0.000340, 0.000910, 0.119200, 0.880800, 0.997530, 0.880800, 2.940000, 0.290000, 5.890000, 1.790000, 5.670000, 0.300000, 0.380000, 0.363205, 0.371000, 0.150000, 0.118000, 0.732000
0.000000, 0.000000, 0.000000, 0.000000, 0.000000, 0.000000, 0.000000, 1.000000, 0.000000, 0.000000, 0.000000, 0.000000, 0.000000, 0.000000, 0.000000, 0.000000, 0.000000, 0.000000, 0.000000, 0.000000, 0.002470, 0.000120, 0.000120, 0.000050, 0.047430, 0.000340, 0.000120, 0.000050, 0.000120, 0.982010, 0.997530, 0.000120, 0.119200, 0.731060, 0.000120, 0.000340, 0.000910, 0.000340, 0.000910, 0.500000, 4.190000, 0.190000, 4.000000, 1.800000, 6.040000, 0.300000, 0.450000, 0.213410, 0.236000, 0.150000, 0.118000, 0.732000
0.000000, 0.000000, 0.000000, 0.000000, 0.000000, 0.000000, 0.000000, 0.000000, 0.000000, 0.000000, 1.000000, 0.000000, 0.000000, 0.000000, 0.000000, 0.000000, 0.000000, 0.000000, 0.000000, 0.000000, 0.017990, 0.000340, 0.000120, 0.000120, 0.017990, 0.000910, 0.000340, 0.000120, 0.000340, 0.982010, 0.952570, 0.000340, 0.999090, 0.268940, 0.000340, 0.002470, 0.017990, 0.993310, 0.006690, 0.952570, 2.350000, 0.220000, 4.430000, 1.230000, 5.710000, 0.380000, 0.320000, 0.387229, 0.396000, 0.150000, 0.118000, 0.732000
0.000000, 0.000000, 0.000000, 0.000000, 0.000000, 0.000000, 0.000000, 0.000000, 0.000000, 0.000000, 0.000000, 0.000000, 0.000000, 0.000000, 1.000000, 0.000000, 0.000000, 0.000000, 0.000000, 0.000000, 0.000120, 0.999880, 0.000340, 0.000120, 0.000020, 0.731060, 0.000910, 0.000050, 0.000340, 0.000020, 0.000050, 0.006690, 0.000120, 0.000020, 0.000050, 0.000340, 0.000120, 0.000050, 0.000120, 0.000050, 2.340000, 0.290000, 6.130000, -1.010000, 10.740000, 0.360000, 0.250000, 0.332254, 0.297000, 0.087000, 0.113000, 0.800000
0.000000, 0.000000, 0.000000, 0.000000, 0.000000, 0.000000, 1.000000, 0.000000, 0.000000, 0.000000, 0.000000, 0.000000, 0.000000, 0.000000, 0.000000, 0.000000, 0.000000, 0.000000, 0.000000, 0.000000, 0.000050, 0.000120, 0.047430, 0.000050, 0.000010, 0.000340, 0.000120, 0.000020, 0.999990, 0.000010, 0.000020, 0.000120, 0.000050, 0.000050, 0.000020, 0.000120, 0.000050, 0.000020, 0.000910, 0.000010, 2.990000, 0.230000, 4.660000, 0.130000, 7.690000, 0.270000, 0.300000, 0.357601, 0.403000, 0.087000, 0.113000, 0.800000
0.000000, 0.000000, 0.000000, 0.000000, 0.000000, 1.000000, 0.000000, 0.000000, 0.000000, 0.000000, 0.000000, 0.000000, 0.000000, 0.000000, 0.000000, 0.000000, 0.000000, 0.000000, 0.000000, 0.000000, 0.993310, 0.000340, 0.000910, 0.000340, 0.047430, 0.000340, 0.000340, 0.993310, 0.000340, 0.000120, 0.000120, 0.000910, 0.017990, 0.000120, 0.000340, 0.119200, 0.006690, 0.000120, 0.000120, 0.000340, 0.000000, 0.000000, 0.000000, 0.000000, 6.070000, 0.130000, 0.150000, 0.085447, 0.222000, 0.087000, 0.113000, 0.800000
0.000000, 0.000000, 1.000000, 0.000000, 0.000000, 0.000000, 0.000000, 0.000000, 0.000000, 0.000000, 0.000000, 0.000000, 0.000000, 0.000000, 0.000000, 0.000000, 0.000000, 0.000000, 0.000000, 0.000000, 0.017990, 0.119200, 0.119200, 0.731060, 0.000340, 0.880800, 0.993310, 0.000910, 0.500000, 0.731060, 0.006690, 0.993310, 0.002470, 0.000340, 0.006690, 0.017990, 0.047430, 0.000340, 0.006690, 0.017990, 1.600000, 0.110000, 2.780000, -0.770000, 2.950000, 0.250000, 0.200000, 0.152866, 0.217000, 0.150000, 0.118000, 0.732000
1.000000, 0.000000, 0.000000, 0.000000, 0.000000, 0.000000, 0.000000, 0.000000, 0.000000, 0.000000, 0.000000, 0.000000, 0.000000, 0.000000, 0.000000, 0.000000, 0.000000, 0.000000, 0.000000, 0.000000, 0.997530, 0.000910, 0.000910, 0.002470, 0.017990, 0.000910, 0.000910, 0.002470, 0.000340, 0.000340, 0.000340, 0.047430, 0.000910, 0.000340, 0.017990, 0.952570, 0.268940, 0.731060, 0.119200, 0.002470, 1.280000, 0.050000, 1.000000, 0.310000, 6.110000, 0.420000, 0.230000, 0.121046, 0.225000, 0.084000, 0.052000, 0.864000
1.000000, 0.000000, 0.000000, 0.000000, 0.000000, 0.000000, 0.000000, 0.000000, 0.000000, 0.000000, 0.000000, 0.000000, 0.000000, 0.000000, 0.000000, 0.000000, 0.000000, 0.000000, 0.000000, 0.000000, 0.731060, 0.047430, 0.119200, 0.880800, 0.017990, 0.500000, 0.993310, 0.500000, 0.119200, 0.119200, 0.047430, 0.047430, 0.017990, 0.002470, 0.017990, 0.731060, 0.119200, 0.002470, 0.119200, 0.500000, 1.280000, 0.050000, 1.000000, 0.310000, 6.110000, 0.420000, 0.230000, 0.114807, 0.213000, 0.087000, 0.113000, 0.800000
0.000000, 0.000000, 0.000000, 0.000000, 0.000000, 0.000000, 0.000000, 0.000000, 0.000000, 1.000000, 0.000000, 0.000000, 0.000000, 0.000000, 0.000000, 0.000000, 0.000000, 0.000000, 0.000000, 0.000000, 0.119200, 0.047430, 0.119200, 0.731060, 0.002470, 0.268940, 0.500000, 0.006690, 0.880800, 0.119200, 0.268940, 0.047430, 0.500000, 0.500000, 0.952570, 0.268940, 0.268940, 0.999660, 0.731060, 0.119200, 2.590000, 0.190000, 4.000000, 1.700000, 6.040000, 0.390000, 0.310000, 0.164563, 0.184000, 0.087000, 0.113000, 0.800000
0.000000, 0.000000, 1.000000, 0.000000, 0.000000, 0.000000, 0.000000, 0.000000, 0.000000, 0.000000, 0.000000, 0.000000, 0.000000, 0.000000, 0.000000, 0.000000, 0.000000, 0.000000, 0.000000, 0.000000, 0.119200, 0.731060, 0.880800, 0.952570, 0.017990, 0.500000, 0.880800, 0.268940, 0.731060, 0.047430, 0.017990, 0.268940, 0.500000, 0.500000, 0.880800, 0.268940, 0.119200, 0.119200, 0.500000, 0.047430, 1.600000, 0.110000, 2.780000, -0.770000, 2.950000, 0.250000, 0.200000, 0.166022, 0.236000, 0.087000, 0.113000, 0.800000
1.000000, 0.000000, 0.000000, 0.000000, 0.000000, 0.000000, 0.000000, 0.000000, 0.000000, 0.000000, 0.000000, 0.000000, 0.000000, 0.000000, 0.000000, 0.000000, 0.000000, 0.000000, 0.000000, 0.000000, 0.982010, 0.268940, 0.268940, 0.500000, 0.017990, 0.500000, 0.500000, 0.982010, 0.119200, 0.006690, 0.006690, 0.119200, 0.047430, 0.000910, 0.119200, 0.500000, 0.268940, 0.017990, 0.047430, 0.047430, 1.280000, 0.050000, 1.000000, 0.310000, 6.110000, 0.420000, 0.230000, 0.152788, 0.284000, 0.084000, 0.052000, 0.864000
1.000000, 0.000000, 0.000000, 0.000000, 0.000000, 0.000000, 0.000000, 0.000000, 0.000000, 0.000000, 0.000000, 0.000000, 0.000000, 0.000000, 0.000000, 0.000000, 0.000000, 0.000000, 0.000000, 0.000000, 0.731060, 0.500000, 0.500000, 0.731060, 0.047430, 0.731060, 0.500000, 0.500000, 0.500000, 0.119200, 0.268940, 0.500000, 0.268940, 0.047430, 0.880800, 0.500000, 0.268940, 0.047430, 0.047430, 0.731060, 1.280000, 0.050000, 1.000000, 0.310000, 6.110000, 0.420000, 0.230000, 0.150205, 0.279000, 0.043000, 0.053000, 0.903000
0.000000, 0.000000, 0.000000, 0.000000, 0.000000, 0.000000, 0.000000, 0.000000, 0.000000, 0.000000, 0.000000, 0.000000, 0.000000, 0.000000, 0.000000, 1.000000, 0.000000, 0.000000, 0.000000, 0.000000, 0.500000, 0.268940, 0.500000, 0.952570, 0.047430, 0.268940, 0.268940, 0.268940, 0.047430, 0.047430, 0.006690, 0.268940, 0.002470, 0.002470, 0.952570, 0.982010, 0.731060, 0.047430, 0.047430, 0.017990, 1.310000, 0.060000, 1.600000, -0.040000, 5.700000, 0.200000, 0.280000, 0.236013, 0.412000, 0.043000, 0.053000, 0.903000
0.000000, 0.000000, 1.000000, 0.000000, 0.000000, 0.000000, 0.000000, 0.000000, 0.000000, 0.000000, 0.000000, 0.000000, 0.000000, 0.000000, 0.000000, 0.000000, 0.000000, 0.000000, 0.000000, 0.000000, 0.000910, 0.002470, 0.047430, 0.999880, 0.000050, 0.002470, 0.017990, 0.000340, 0.006690, 0.000120, 0.000340, 0.000340, 0.000120, 0.000050, 0.017990, 0.002470, 0.000340, 0.119200, 0.000120, 0.002470, 1.600000, 0.110000, 2.780000, -0.770000, 2.950000, 0.250000, 0.200000, 0.164685, 0.234000, 0.043000, 0.053000, 0.903000
0.000000, 0.000000, 0.000000, 0.000000, 0.000000, 0.000000, 0.000000, 0.000000, 0.000000, 0.000000, 0.000000, 0.000000, 0.000000, 0.000000, 0.000000, 1.000000, 0.000000, 0.000000, 0.000000, 0.000000, 0.731060, 0.731060, 0.017990, 0.047430, 0.017990, 0.268940, 0.731060, 0.017990, 0.993310, 0.268940, 0.268940, 0.500000, 0.268940, 0.982010, 0.500000, 0.500000, 0.017990, 0.047430, 0.268940, 0.047430, 1.310000, 0.060000, 1.600000, -0.040000, 5.700000, 0.200000, 0.280000, 0.196304, 0.343000, 0.043000, 0.053000, 0.903000
0.000000, 0.000000, 0.000000, 0.000000, 0.000000, 0.000000, 0.000000, 0.000000, 0.000000, 0.000000, 0.000000, 0.000000, 0.000000, 0.000000, 0.000000, 0.000000, 0.000000, 1.000000, 0.000000, 0.000000, 0.731060, 0.119200, 0.119200, 0.993310, 0.017990, 0.880800, 0.982010, 0.047430, 0.047430, 0.006690, 0.047430, 0.268940, 0.006690, 0.006690, 0.002470, 0.119200, 0.268940, 0.000340, 0.006690, 0.047430, 3.670000, 0.140000, 3.000000, 1.220000, 6.020000, 0.270000, 0.490000, 0.130482, 0.174000, 0.084000, 0.052000, 0.864000
0.000000, 0.000000, 0.000000, 0.000000, 0.000000, 0.000000, 0.000000, 0.000000, 0.000000, 0.000000, 0.000000, 0.000000, 0.000000, 0.000000, 1.000000, 0.000000, 0.000000, 0.000000, 0.000000, 0.000000, 0.000340, 0.999880, 0.000340, 0.000120, 0.000050, 0.047430, 0.000910, 0.000120, 0.017990, 0.002470, 0.000910, 0.017990, 0.000340, 0.000120, 0.000120, 0.000340, 0.002470, 0.000120, 0.000120, 0.002470, 2.340000, 0.290000, 6.130000, -1.010000, 10.740000, 0.360000, 0.250000, 0.150474, 0.135000, 0.142000, 0.056000, 0.802000
0.000000, 0.000000, 0.000000, 0.000000, 0.000000, 0.000000, 0.000000, 0.000000, 0.000000, 0.000000, 0.000000, 0.000000, 1.000000, 0.000000, 0.000000, 0.000000, 0.000000, 0.000000, 0.000000, 0.000000, 0.731060, 0.500000, 0.268940, 0.017990, 0.047430, 0.500000, 0.731060, 0.047430, 0.268940, 0.006690, 0.002470, 0.268940, 0.047430, 0.002470, 0.999090, 0.119200, 0.119200, 0.500000, 0.047430, 0.017990, 2.670000, 0.000000, 2.720000, 0.720000, 6.800000, 0.130000, 0.340000, 0.091301, 0.132000, 0.142000, 0.056000, 0.802000
0.000000, 0.000000, 0.000000, 0.000000, 0.000000, 0.000000, 0.000000, 0.000000, 0.000000, 1.000000, 0.000000, 0.000000, 0.000000, 0.000000, 0.000000, 0.000000, 0.000000, 0.000000, 0.000000, 0.000000, 0.000120, 0.000050, 0.000020, 0.000020, 0.000120, 0.000050, 0.000020, 0.000010, 0.000020, 0.119200, 0.999090, 0.000050, 0.002470, 0.000910, 0.000020, 0.000050, 0.000120, 0.000120, 0.000120, 0.047430, 2.590000, 0.190000, 4.000000, 1.700000, 6.040000, 0.390000, 0.310000, 0.144986, 0.162000, 0.142000, 0.056000, 0.802000
0.000000, 0.000000, 0.000000, 0.000000, 0.000000, 0.000000, 0.000000, 0.000000, 0.000000, 0.000000, 0.000000, 0.000000, 0.000000, 0.000000, 0.000000, 0.000000, 1.000000, 0.000000, 0.000000, 0.000000, 0.500000, 0.006690, 0.952570, 0.119200, 0.000340, 0.002470, 0.006690, 0.002470, 0.006690, 0.047430, 0.002470, 0.047430, 0.006690, 0.000120, 0.002470, 0.880800, 0.999090, 0.000120, 0.000340, 0.047430, 3.030000, 0.110000, 2.600000, 0.260000, 5.600000, 0.210000, 0.360000, 0.165217, 0.244000, 0.088000, 0.018000, 0.893000
0.000000, 0.000000, 0.000000, 0.000000, 0.000000, 0.000000, 0.000000, 0.000000, 0.000000, 0.000000, 0.000000, 0.000000, 0.000000, 0.000000, 0.000000, 0.000000, 1.000000, 0.000000, 0.000000, 0.000000, 0.880800, 0.500000, 0.119200, 0.880800, 0.000910, 0.500000, 0.952570, 0.047430, 0.268940, 0.006690, 0.047430, 0.880800, 0.000910, 0.006690, 0.982010, 0.268940, 0.119200, 0.000340, 0.000910, 0.017990, 3.030000, 0.110000, 2.600000, 0.260000, 5.600000, 0.210000, 0.360000, 0.218571, 0.323000, 0.043000, 0.053000, 0.903000
0.000000, 0.000000, 0.000000, 0.000000, 0.000000, 0.000000, 0.000000, 0.000000, 0.000000, 0.000000, 0.000000, 1.000000, 0.000000, 0.000000, 0.000000, 0.000000, 0.000000, 0.000000, 0.000000, 0.000000, 0.119200, 0.997530, 0.047430, 0.119200, 0.500000, 0.500000, 0.731060, 0.002470, 0.880800, 0.017990, 0.119200, 0.952570, 0.017990, 0.047430, 0.017990, 0.047430, 0.268940, 0.000340, 0.119200, 0.047430, 1.600000, 0.130000, 2.950000, -0.600000, 6.520000, 0.210000, 0.220000, 0.279306, 0.391000, 0.043000, 0.113000, 0.844000
0.000000, 0.000000, 0.000000, 0.000000, 0.000000, 1.000000, 0.000000, 0.000000, 0.000000, 0.000000, 0.000000, 0.000000, 0.000000, 0.000000, 0.000000, 0.000000, 0.000000, 0.000000, 0.000000, 0.000000, 0.017990, 0.000120, 0.000340, 0.000340, 0.000120, 0.000340, 0.006690, 0.999660, 0.000120, 0.000050, 0.000050, 0.000340, 0.000120, 0.000120, 0.000120, 0.006690, 0.000340, 0.000120, 0.000120, 0.000120, 0.000000, 0.000000, 0.000000, 0.000000, 6.070000, 0.130000, 0.150000, 0.096895, 0.252000, 0.043000, 0.113000, 0.844000
0.000000, 1.000000, 0.000000, 0.000000, 0.000000, 0.000000, 0.000000, 0.000000, 0.000000, 0.000000, 0.000000, 0.000000, 0.000000, 0.000000, 0.000000, 0.000000, 0.000000, 0.000000, 0.000000, 0.000000, 0.017990, 0.997530, 0.017990, 0.017990, 0.500000, 0.731060, 0.500000, 0.047430, 0.952570, 0.731060, 0.268940, 0.880800, 0.268940, 0.047430, 0.000910, 0.017990, 0.017990, 0.119200, 0.119200, 0.268940, 1.770000, 0.130000, 2.430000, 1.540000, 6.350000, 0.170000, 0.410000, 0.179374, 0.262000, 0.043000, 0.184000, 0.773000
0.000000, 0.000000, 1.000000, 0.000000, 0.000000, 0.000000, 0.000000, 0.000000, 0.000000, 0.000000, 0.000000, 0.000000, 0.000000, 0.000000, 0.000000, 0.000000, 0.000000, 0.000000, 0.000000, 0.000000, 0.731060, 0.982010, 0.268940, 0.731060, 0.017990, 0.880800, 0.880800, 0.017990, 0.731060, 0.119200, 0.047430, 0.952570, 0.119200, 0.000910, 0.002470, 0.119200, 0.268940, 0.000910, 0.047430, 0.017990, 1.600000, 0.110000, 2.780000, -0.770000, 2.950000, 0.250000, 0.200000, 0.140837, 0.200000, 0.043000, 0.184000, 0.773000
0.000000, 0.000000, 0.000000, 1.000000, 0.000000, 0.000000, 0.000000, 0.000000, 0.000000, 0.000000, 0.000000, 0.000000, 0.000000, 0.000000, 0.000000, 0.000000, 0.000000, 0.000000, 0.000000, 0.000000, 0.500000, 0.731060, 0.268940, 0.982010, 0.017990, 0.993310, 0.952570, 0.047430, 0.500000, 0.000340, 0.006690, 0.500000, 0.119200, 0.047430, 0.000910, 0.268940, 0.047430, 0.000340, 0.000910, 0.006690, 1.560000, 0.150000, 3.780000, -0.640000, 3.090000, 0.420000, 0.210000, 0.208695, 0.245000, 0.043000, 0.184000, 0.773000
0.000000, 0.000000, 0.000000, 0.000000, 0.000000, 0.000000, 0.000000, 0.000000, 0.000000, 0.000000, 0.000000, 0.000000, 0.000000, 0.000000, 0.000000, 1.000000, 0.000000, 0.000000, 0.000000, 0.000000, 0.993310, 0.000910, 0.006690, 0.000340, 0.731060, 0.000910, 0.017990, 0.017990, 0.000340, 0.500000, 0.268940, 0.047430, 0.500000, 0.500000, 0.000910, 0.731060, 0.731060, 0.000340, 0.000910, 0.731060, 1.310000, 0.060000, 1.600000, -0.040000, 5.700000, 0.200000, 0.280000, 0.203227, 0.355000, 0.043000, 0.184000, 0.773000
0.000000, 0.000000, 0.000000, 0.000000, 0.000000, 0.000000, 0.000000, 0.000000, 0.000000, 0.000000, 0.000000, 0.000000, 0.000000, 0.000000, 1.000000, 0.000000, 0.000000, 0.000000, 0.000000, 0.000000, 0.952570, 0.952570, 0.047430, 0.119200, 0.047430, 0.731060, 0.880800, 0.119200, 0.500000, 0.119200, 0.119200, 0.880800, 0.119200, 0.047430, 0.731060, 0.268940, 0.268940, 0.119200, 0.047430, 0.119200, 2.340000, 0.290000, 6.130000, -1.010000, 10.740000, 0.360000, 0.250000, 0.167467, 0.150000, 0.043000, 0.184000, 0.773000
0.000000, 0.000000, 0.000000, 0.000000, 0.000000, 0.000000, 0.000000, 0.000000, 0.000000, 1.000000, 0.000000, 0.000000, 0.000000, 0.000000, 0.000000, 0.000000, 0.000000, 0.000000, 0.000000, 0.000000, 0.880800, 0.952570, 0.047430, 0.047430, 0.047430, 0.952570, 0.500000, 0.017990, 0.500000, 0.119200, 0.731060, 0.880800, 0.500000, 0.119200, 0.017990, 0.268940, 0.119200, 0.047430, 0.006690, 0.119200, 2.590000, 0.190000, 4.000000, 1.700000, 6.040000, 0.390000, 0.310000, 0.151152, 0.169000, 0.086000, 0.191000, 0.723000
0.000000, 0.000000, 0.000000, 0.000000, 0.000000, 0.000000, 0.000000, 0.000000, 0.000000, 0.000000, 1.000000, 0.000000, 0.000000, 0.000000, 0.000000, 0.000000, 0.000000, 0.000000, 0.000000, 0.000000, 0.731060, 0.006690, 0.006690, 0.000020, 0.047430, 0.268940, 0.000910, 0.002470, 0.268940, 0.880800, 0.731060, 0.047430, 0.999090, 0.119200, 0.002470, 0.119200, 0.500000, 0.000050, 0.000120, 0.952570, 2.350000, 0.220000, 4.430000, 1.230000, 5.710000, 0.380000, 0.320000, 0.272154, 0.279000, 0.086000, 0.191000, 0.723000
1.000000, 0.000000, 0.000000, 0.000000, 0.000000, 0.000000, 0.000000, 0.000000, 0.000000, 0.000000, 0.000000, 0.000000, 0.000000, 0.000000, 0.000000, 0.000000, 0.000000, 0.000000, 0.000000, 0.000000, 0.993310, 0.017990, 0.000050, 0.000050, 0.268940, 0.006690, 0.000050, 0.993310, 0.017990, 0.047430, 0.006690, 0.000050, 0.047430, 0.119200, 0.000050, 0.268940, 0.017990, 0.000020, 0.006690, 0.047430, 1.280000, 0.050000, 1.000000, 0.310000, 6.110000, 0.420000, 0.230000, 0.139231, 0.259000, 0.093000, 0.278000, 0.628000
0.000000, 0.000000, 0.000000, 0.000000, 0.000000, 0.000000, 0.000000, 0.000000, 0.000000, 0.000000, 0.000000, 1.000000, 0.000000, 0.000000, 0.000000, 0.000000, 0.000000, 0.000000, 0.000000, 0.000000, 0.880800, 0.952570, 0.731060, 0.500000, 0.119200, 0.880800, 0.731060, 0.119200, 0.500000, 0.006690, 0.047430, 0.952570, 0.119200, 0.000340, 0.006690, 0.268940, 0.268940, 0.119200, 0.047430, 0.047430, 1.600000, 0.130000, 2.950000, -0.600000, 6.520000, 0.210000, 0.220000, 0.195758, 0.274000, 0.048000, 0.353000, 0.598000
0.000000, 0.000000, 0.000000, 0.000000, 0.000000, 0.000000, 0.000000, 0.000000, 0.000000, 0.000000, 0.000000, 0.000000, 0.000000, 0.000000, 0.000000, 0.000000, 0.000000, 0.000000, 1.000000, 0.000000, 0.500000, 0.880800, 0.017990, 0.017990, 0.047430, 0.500000, 0.119200, 0.268940, 0.880800, 0.017990, 0.119200, 0.500000, 0.047430, 0.880800, 0.000050, 0.047430, 0.047430, 0.999950, 0.880800, 0.119200, 3.210000, 0.410000, 8.080000, 2.250000, 5.940000, 0.320000, 0.420000, 0.156034, 0.133000, 0.046000, 0.455000, 0.498000
0.000000, 0.000000, 0.000000, 0.000000, 0.000000, 0.000000, 0.000000, 0.000000, 0.000000, 1.000000, 0.000000, 0.000000, 0.000000, 0.000000, 0.000000, 0.000000, 0.000000, 0.000000, 0.000000, 0.000000, 0.119200, 0.006690, 0.000050, 0.000050, 0.731060, 0.000050, 0.000050, 0.002470, 0.000050, 0.731060, 0.997530, 0.000050, 0.952570, 0.500000, 0.000050, 0.002470, 0.000120, 0.268940, 0.017990, 0.047430, 2.590000, 0.190000, 4.000000, 1.700000, 6.040000, 0.390000, 0.310000, 0.120226, 0.135000, 0.049000, 0.660000, 0.291000
0.000000, 0.000000, 0.000000, 0.000000, 0.000000, 0.000000, 0.000000, 0.000000, 1.000000, 0.000000, 0.000000, 0.000000, 0.000000, 0.000000, 0.000000, 0.000000, 0.000000, 0.000000, 0.000000, 0.000000, 0.952570, 0.982010, 0.500000, 0.119200, 0.119200, 0.731060, 0.268940, 0.047430, 0.731060, 0.047430, 0.119200, 0.952570, 0.119200, 0.017990, 0.002470, 0.500000, 0.119200, 0.047430, 0.017990, 0.119200, 1.890000, 0.220000, 4.770000, -0.990000, 9.990000, 0.320000, 0.270000, 0.180956, 0.180000, 0.015000, 0.622000, 0.363000
0.000000, 0.000000, 0.000000, 0.000000, 0.000000, 1.000000, 0.000000, 0.000000, 0.000000, 0.000000, 0.000000, 0.000000, 0.000000, 0.000000, 0.000000, 0.000000, 0.000000, 0.000000, 0.000000, 0.000000, 0.731060, 0.880800, 0.119200, 0.880800, 0.047430, 0.880800, 0.880800, 0.500000, 0.500000, 0.017990, 0.047430, 0.880800, 0.047430, 0.006690, 0.119200, 0.731060, 0.268940, 0.047430, 0.017990, 0.017990, 0.000000, 0.000000, 0.000000, 0.000000, 6.070000, 0.130000, 0.150000, 0.059744, 0.155000, 0.015000, 0.622000, 0.363000
0.000000, 0.000000, 0.000000, 0.000000, 0.000000, 0.000000, 0.000000, 0.000000, 0.000000, 0.000000, 0.000000, 0.000000, 0.000000, 1.000000, 0.000000, 0.000000, 0.000000, 0.000000, 0.000000, 0.000000, 0.268940, 0.952570, 0.500000, 0.047430, 0.268940, 0.952570, 0.500000, 0.006690, 0.952570, 0.268940, 0.731060, 0.731060, 0.731060, 0.047430, 0.000910, 0.268940, 0.119200, 0.500000, 0.500000, 0.119200, 1.560000, 0.180000, 3.950000, -0.220000, 5.650000, 0.360000, 0.250000, 0.144474, 0.166000, 0.049000, 0.660000, 0.291000
0.000000, 0.000000, 0.000000, 0.000000, 0.000000, 0.000000, 0.000000, 0.000000, 1.000000, 0.000000, 0.000000, 0.000000, 0.000000, 0.000000, 0.000000, 0.000000, 0.000000, 0.000000, 0.000000, 0.000000, 0.119200, 0.268940, 0.268940, 0.500000, 0.017990, 0.268940, 0.268940, 0.982010, 0.500000, 0.268940, 0.731060, 0.500000, 0.268940, 0.268940, 0.500000, 0.119200, 0.047430, 0.119200, 0.268940, 0.268940, 1.890000, 0.220000, 4.770000, -0.990000, 9.990000, 0.320000, 0.270000, 0.169811, 0.169000, 0.047000, 0.561000, 0.393000
0.000000, 0.000000, 0.000000, 0.000000, 0.000000, 0.000000, 0.000000, 0.000000, 0.000000, 0.000000, 0.000000, 0.000000, 0.000000, 0.000000, 0.000000, 0.000000, 0.000000, 1.000000, 0.000000, 0.000000, 0.500000, 0.017990, 0.017990, 0.047430, 0.500000, 0.017990, 0.119200, 0.047430, 0.119200, 0.880800, 0.880800, 0.119200, 0.268940, 0.880800, 0.982010, 0.268940, 0.047430, 0.880800, 0.731060, 0.731060, 3.670000, 0.140000, 3.000000, 1.220000, 6.020000, 0.270000, 0.490000, 0.149995, 0.200000, 0.046000, 0.455000, 0.498000
0.000000, 0.000000, 0.000000, 1.000000, 0.000000, 0.000000, 0.000000, 0.000000, 0.000000, 0.000000, 0.000000, 0.000000, 0.000000, 0.000000, 0.000000, 0.000000, 0.000000, 0.000000, 0.000000, 0.000000, 0.500000, 0.880800, 0.500000, 0.500000, 0.119200, 0.880800, 0.500000, 0.268940, 0.880800, 0.268940, 0.119200, 0.880800, 0.500000, 0.119200, 0.500000, 0.500000, 0.268940, 0.047430, 0.047430, 0.500000, 1.560000, 0.150000, 3.780000, -0.640000, 3.090000, 0.420000, 0.210000, 0.177226, 0.208000, 0.046000, 0.455000, 0.498000
0.000000, 0.000000, 0.000000, 0.000000, 0.000000, 0.000000, 0.000000, 1.000000, 0.000000, 0.000000, 0.000000, 0.000000, 0.000000, 0.000000, 0.000000, 0.000000, 0.000000, 0.000000, 0.000000, 0.000000, 0.047430, 0.002470, 0.047430, 0.119200, 0.119200, 0.119200, 0.017990, 0.047430, 0.047430, 0.952570, 0.500000, 0.017990, 0.017990, 0.952570, 0.997530, 0.047430, 0.006690, 0.500000, 0.017990, 0.880800, 4.190000, 0.190000, 4.000000, 1.800000, 6.040000, 0.300000, 0.450000, 0.138542, 0.153000, 0.048000, 0.353000, 0.598000
0.000000, 0.000000, 0.000000, 1.000000, 0.000000, 0.000000, 0.000000, 0.000000, 0.000000, 0.000000, 0.000000, 0.000000, 0.000000, 0.000000, 0.000000, 0.000000, 0.000000, 0.000000, 0.000000, 0.000000, 0.119200, 0.017990, 0.047430, 0.999090, 0.047430, 0.268940, 0.880800, 0.047430, 0.119200, 0.002470, 0.047430, 0.119200, 0.047430, 0.006690, 0.006690, 0.119200, 0.500000, 0.047430, 0.047430, 0.047430, 1.560000, 0.150000, 3.780000, -0.640000, 3.090000, 0.420000, 0.210000, 0.147461, 0.173000, 0.097000, 0.386000, 0.517000
0.000000, 0.000000, 0.000000, 0.000000, 0.000000, 0.000000, 0.000000, 0.000000, 0.000000, 0.000000, 0.000000, 0.000000, 0.000000, 0.000000, 1.000000, 0.000000, 0.000000, 0.000000, 0.000000, 0.000000, 0.500000, 0.952570, 0.047430, 0.047430, 0.268940, 0.731060, 0.268940, 0.119200, 0.731060, 0.268940, 0.880800, 0.731060, 0.500000, 0.119200, 0.047430, 0.119200, 0.500000, 0.047430, 0.268940, 0.500000, 2.340000, 0.290000, 6.130000, -1.010000, 10.740000, 0.360000, 0.250000, 0.179320, 0.160000, 0.093000, 0.278000, 0.628000
0.000000, 0.000000, 0.000000, 0.000000, 0.000000, 0.000000, 0.000000, 0.000000, 0.000000, 0.000000, 0.000000, 0.000000, 0.000000, 0.000000, 0.000000, 0.000000, 0.000000, 1.000000, 0.000000, 0.000000, 0.500000, 0.000340, 0.000340, 0.000340, 0.268940, 0.000340, 0.000340, 0.002470, 0.000340, 0.997530, 0.731060, 0.000340, 0.500000, 0.268940, 0.000340, 0.006690, 0.047430, 0.047430, 0.006690, 0.993310, 3.670000, 0.140000, 3.000000, 1.220000, 6.020000, 0.270000, 0.490000, 0.141515, 0.189000, 0.152000, 0.199000, 0.649000
0.000000, 0.000000, 0.000000, 0.000000, 0.000000, 0.000000, 0.000000, 0.000000, 0.000000, 1.000000, 0.000000, 0.000000, 0.000000, 0.000000, 0.000000, 0.000000, 0.000000, 0.000000, 0.000000, 0.000000, 0.047430, 0.047430, 0.000340, 0.002470, 0.002470, 0.006690, 0.002470, 0.000340, 0.047430, 0.952570, 0.993310, 0.006690, 0.500000, 0.880800, 0.000340, 0.002470, 0.006690, 0.993310, 0.880800, 0.731060, 2.590000, 0.190000, 4.000000, 1.700000, 6.040000, 0.390000, 0.310000, 0.146861, 0.164000, 0.150000, 0.118000, 0.732000
0.000000, 0.000000, 0.000000, 0.000000, 0.000000, 0.000000, 0.000000, 0.000000, 0.000000, 0.000000, 0.000000, 0.000000, 0.000000, 0.000000, 0.000000, 0.000000, 0.000000, 1.000000, 0.000000, 0.000000, 0.880800, 0.006690, 0.002470, 0.000910, 0.999090, 0.017990, 0.006690, 0.002470, 0.952570, 0.047430, 0.006690, 0.002470, 0.002470, 0.000910, 0.000910, 0.952570, 0.880800, 0.000340, 0.047430, 0.952570, 3.670000, 0.140000, 3.000000, 1.220000, 6.020000, 0.270000, 0.490000, 0.130482, 0.174000, 0.043000, 0.113000, 0.844000
0.000000, 0.000000, 0.000000, 0.000000, 0.000000, 0.000000, 0.000000, 0.000000, 0.000000, 0.000000, 0.000000, 0.000000, 0.000000, 0.000000, 0.000000, 1.000000, 0.000000, 0.000000, 0.000000, 0.000000, 0.002470, 0.000340, 0.000910, 0.000910, 0.119200, 0.000910, 0.000910, 0.006690, 0.000340, 0.000050, 0.000050, 0.000910, 0.000120, 0.000050, 0.000340, 0.999660, 0.017990, 0.000050, 0.000120, 0.000120, 1.310000, 0.060000, 1.600000, -0.040000, 5.700000, 0.200000, 0.280000, 0.185091, 0.324000, 0.043000, 0.184000, 0.773000
0.000000, 0.000000, 0.000000, 0.000000, 0.000000, 0.000000, 0.000000, 0.000000, 0.000000, 0.000000, 0.000000, 0.000000, 1.000000, 0.000000, 0.000000, 0.000000, 0.000000, 0.000000, 0.000000, 0.000000, 0.119200, 0.017990, 0.119200, 0.268940, 0.047430, 0.017990, 0.047430, 0.119200, 0.047430, 0.017990, 0.006690, 0.017990, 0.017990, 0.000910, 0.999090, 0.500000, 0.952570, 0.000340, 0.017990, 0.002470, 2.670000, 0.000000, 2.720000, 0.720000, 6.800000, 0.130000, 0.340000, 0.088391, 0.128000, 0.043000, 0.268000, 0.689000
0.000000, 0.000000, 0.000000, 0.000000, 1.000000, 0.000000, 0.000000, 0.000000, 0.000000, 0.000000, 0.000000, 0.000000, 0.000000, 0.000000, 0.000000, 0.000000, 0.000000, 0.000000, 0.000000, 0.000000, 0.993310, 0.017990, 0.006690, 0.017990, 0.119200, 0.006690, 0.006690, 0.017990, 0.731060, 0.017990, 0.268940, 0.268940, 0.268940, 0.268940, 0.006690, 0.500000, 0.047430, 0.268940, 0.982010, 0.047430, 2.940000, 0.290000, 5.890000, 1.790000, 5.670000, 0.300000, 0.380000, 0.138640, 0.141000, 0.048000, 0.353000, 0.598000
0.000000, 0.000000, 0.000000, 0.000000, 0.000000, 0.000000, 0.000000, 0.000000, 0.000000, 1.000000, 0.000000, 0.000000, 0.000000, 0.000000, 0.000000, 0.000000, 0.000000, 0.000000, 0.000000, 0.000000, 0.268940, 0.952570, 0.500000, 0.047430, 0.119200, 0.500000, 0.500000, 0.017990, 0.119200, 0.500000, 0.880800, 0.500000, 0.500000, 0.047430, 0.047430, 0.119200, 0.731060, 0.119200, 0.017990, 0.880800, 2.590000, 0.190000, 4.000000, 1.700000, 6.040000, 0.390000, 0.310000, 0.139978, 0.157000, 0.046000, 0.455000, 0.498000
0.000000, 0.000000, 0.000000, 0.000000, 0.000000, 0.000000, 0.000000, 0.000000, 0.000000, 0.000000, 0.000000, 0.000000, 0.000000, 0.000000, 1.000000, 0.000000, 0.000000, 0.000000, 0.000000, 0.000000, 0.006690, 0.999660, 0.017990, 0.006690, 0.002470, 0.047430, 0.017990, 0.006690, 0.017990, 0.002470, 0.006690, 0.500000, 0.006690, 0.002470, 0.006690, 0.006690, 0.006690, 0.002470, 0.006690, 0.006690, 2.340000, 0.290000, 6.130000, -1.010000, 10.740000, 0.360000, 0.250000, 0.231302, 0.207000, 0.046000, 0.455000, 0.498000
1.000000, 0.000000, 0.000000, 0.000000, 0.000000, 0.000000, 0.000000, 0.000000, 0.000000, 0.000000, 0.000000, 0.000000, 0.000000, 0.000000, 0.000000, 0.000000, 0.000000, 0.000000, 0.000000, 0.000000, 0.993310, 0.017990, 0.119200, 0.017990, 0.952570, 0.017990, 0.017990, 0.047430, 0.017990, 0.017990, 0.017990, 0.017990, 0.017990, 0.006690, 0.017990, 0.268940, 0.993310, 0.006690, 0.017990, 0.268940, 1.280000, 0.050000, 1.000000, 0.310000, 6.110000, 0.420000, 0.230000, 0.122554, 0.228000, 0.048000, 0.353000, 0.598000
0.000000, 0.000000, 0.000000, 1.000000, 0.000000, 0.000000, 0.000000, 0.000000, 0.000000, 0.000000, 0.000000, 0.000000, 0.000000, 0.000000, 0.000000, 0.000000, 0.000000, 0.000000, 0.000000, 0.000000, 0.119200, 0.993310, 0.119200, 0.047430, 0.268940, 0.952570, 0.268940, 0.047430, 0.268940, 0.268940, 0.500000, 0.731060, 0.500000, 0.119200, 0.017990, 0.119200, 0.268940, 0.268940, 0.268940, 0.731060, 1.560000, 0.150000, 3.780000, -0.640000, 3.090000, 0.420000, 0.210000, 0.166222, 0.195000, 0.043000, 0.268000, 0.689000
0.000000, 0.000000, 0.000000, 0.000000, 0.000000, 0.000000, 0.000000, 0.000000, 0.000000, 0.000000, 0.000000, 0.000000, 0.000000, 1.000000, 0.000000, 0.000000, 0.000000, 0.000000, 0.000000, 0.000000, 0.119200, 0.119200, 0.119200, 0.268940, 0.006690, 0.999090, 0.982010, 0.047430, 0.500000, 0.017990, 0.047430, 0.268940, 0.268940, 0.006690, 0.017990, 0.119200, 0.268940, 0.006690, 0.017990, 0.017990, 1.560000, 0.180000, 3.950000, -0.220000, 5.650000, 0.360000, 0.250000, 0.232796, 0.267000, 0.043000, 0.184000, 0.773000
0.000000, 0.000000, 0.000000, 0.000000, 0.000000, 0.000000, 0.000000, 0.000000, 0.000000, 0.000000, 0.000000, 0.000000, 0.000000, 0.000000, 0.000000, 0.000000, 1.000000, 0.000000, 0.000000, 0.000000, 0.006690, 0.500000, 0.006690, 0.006690, 0.006690, 0.006690, 0.006690, 0.002470, 0.002470, 0.006690, 0.047430, 0.006690, 0.006690, 0.002470, 0.006690, 0.268940, 0.999660, 0.002470, 0.002470, 0.006690, 3.030000, 0.110000, 2.600000, 0.260000, 5.600000, 0.210000, 0.360000, 0.215256, 0.318000, 0.043000, 0.184000, 0.773000
0.000000, 0.000000, 0.000000, 0.000000, 0.000000, 0.000000, 0.000000, 0.000000, 0.000000, 1.000000, 0.000000, 0.000000, 0.000000, 0.000000, 0.000000, 0.000000, 0.000000, 0.000000, 0.000000, 0.000000, 0.993310, 0.047430, 0.006690, 0.006690, 0.731060, 0.047430, 0.017990, 0.047430, 0.119200, 0.119200, 0.731060, 0.017990, 0.268940, 0.500000, 0.017990, 0.119200, 0.731060, 0.997530, 0.268940, 0.119200, 2.590000, 0.190000, 4.000000, 1.700000, 6.040000, 0.390000, 0.310000, 0.145431, 0.163000, 0.043000, 0.184000, 0.773000
0.000000, 0.000000, 0.000000, 1.000000, 0.000000, 0.000000, 0.000000, 0.000000, 0.000000, 0.000000, 0.000000, 0.000000, 0.000000, 0.000000, 0.000000, 0.000000, 0.000000, 0.000000, 0.000000, 0.000000, 0.731060, 0.952570, 0.268940, 0.731060, 0.006690, 0.880800, 0.952570, 0.119200, 0.500000, 0.047430, 0.047430, 0.731060, 0.268940, 0.047430, 0.017990, 0.268940, 0.268940, 0.006690, 0.119200, 0.119200, 1.560000, 0.150000, 3.780000, -0.640000, 3.090000, 0.420000, 0.210000, 0.190700, 0.224000, 0.043000, 0.113000, 0.844000
0.000000, 0.000000, 0.000000, 1.000000, 0.000000, 0.000000, 0.000000, 0.000000, 0.000000, 0.000000, 0.000000, 0.000000, 0.000000, 0.000000, 0.000000, 0.000000, 0.000000, 0.000000, 0.000000, 0.000000, 0.880800, 0.500000, 0.119200, 0.047430, 0.119200, 0.500000, 0.500000, 0.268940, 0.500000, 0.880800, 0.731060, 0.268940, 0.500000, 0.268940, 0.268940, 0.119200, 0.268940, 0.500000, 0.268940, 0.500000, 1.560000, 0.150000, 3.780000, -0.640000, 3.090000, 0.420000, 0.210000, 0.235730, 0.276000, 0.087000, 0.113000, 0.800000
0.000000, 0.000000, 0.000000, 0.000000, 0.000000, 0.000000, 0.000000, 0.000000, 0.000000, 0.000000, 0.000000, 0.000000, 0.000000, 0.000000, 0.000000, 0.000000, 0.000000, 1.000000, 0.000000, 0.000000, 0.268940, 0.017990, 0.006690, 0.006690, 0.268940, 0.500000, 0.017990, 0.006690, 0.006690, 0.952570, 0.952570, 0.017990, 0.880800, 0.880800, 0.006690, 0.047430, 0.731060, 0.268940, 0.268940, 0.952570, 3.670000, 0.140000, 3.000000, 1.220000, 6.020000, 0.270000, 0.490000, 0.140837, 0.188000, 0.087000, 0.113000, 0.800000
0.000000, 0.000000, 0.000000, 0.000000, 0.000000, 1.000000, 0.000000, 0.000000, 0.000000, 0.000000, 0.000000, 0.000000, 0.000000, 0.000000, 0.000000, 0.000000, 0.000000, 0.000000, 0.000000, 0.000000, 0.880800, 0.731060, 0.268940, 0.119200, 0.880800, 0.880800, 0.268940, 0.731060, 0.268940, 0.119200, 0.500000, 0.268940, 0.500000, 0.119200, 0.047430, 0.731060, 0.268940, 0.268940, 0.119200, 0.268940, 0.000000, 0.000000, 0.000000, 0.000000, 6.070000, 0.130000, 0.150000, 0.063357, 0.165000, 0.087000, 0.113000, 0.800000
0.000000, 0.000000, 1.000000, 0.000000, 0.000000, 0.000000, 0.000000, 0.000000, 0.000000, 0.000000, 0.000000, 0.000000, 0.000000, 0.000000, 0.000000, 0.000000, 0.000000, 0.000000, 0.000000, 0.000000, 0.500000, 0.731060, 0.268940, 0.731060, 0.017990, 0.731060, 0.880800, 0.268940, 0.268940, 0.119200, 0.047430, 0.880800, 0.268940, 0.047430, 0.500000, 0.500000, 0.880800, 0.006690, 0.017990, 0.119200, 1.600000, 0.110000, 2.780000, -0.770000, 2.950000, 0.250000, 0.200000, 0.190573, 0.271000, 0.087000, 0.113000, 0.800000
0.000000, 1.000000, 0.000000, 0.000000, 0.000000, 0.000000, 0.000000, 0.000000, 0.000000, 0.000000, 0.000000, 0.000000, 0.000000, 0.000000, 0.000000, 0.000000, 0.000000, 0.000000, 0.000000, 0.000000, 0.880800, 0.731060, 0.268940, 0.500000, 0.268940, 0.500000, 0.731060, 0.500000, 0.731060, 0.268940, 0.268940, 0.500000, 0.119200, 0.268940, 0.119200, 0.268940, 0.500000, 0.268940, 0.500000, 0.500000, 1.770000, 0.130000, 2.430000, 1.540000, 6.350000, 0.170000, 0.410000, 0.114807, 0.168000, 0.087000, 0.113000, 0.800000
0.000000, 0.000000, 0.000000, 0.000000, 0.000000, 0.000000, 0.000000, 0.000000, 0.000000, 1.000000, 0.000000, 0.000000, 0.000000, 0.000000, 0.000000, 0.000000, 0.000000, 0.000000, 0.000000, 0.000000, 0.500000, 0.047430, 0.047430, 0.017990, 0.119200, 0.119200, 0.047430, 0.047430, 0.119200, 0.731060, 0.952570, 0.047430, 0.880800, 0.952570, 0.119200, 0.268940, 0.500000, 0.880800, 0.880800, 0.268940, 2.590000, 0.190000, 4.000000, 1.700000, 6.040000, 0.390000, 0.310000, 0.147222, 0.165000, 0.087000, 0.113000, 0.800000
0.000000, 0.000000, 0.000000, 0.000000, 0.000000, 0.000000, 0.000000, 0.000000, 0.000000, 0.000000, 0.000000, 1.000000, 0.000000, 0.000000, 0.000000, 0.000000, 0.000000, 0.000000, 0.000000, 0.000000, 0.500000, 0.268940, 0.731060, 0.731060, 0.006690, 0.268940, 0.268940, 0.982010, 0.500000, 0.017990, 0.047430, 0.500000, 0.047430, 0.017990, 0.952570, 0.268940, 0.268940, 0.047430, 0.017990, 0.047430, 1.600000, 0.130000, 2.950000, -0.600000, 6.520000, 0.210000, 0.220000, 0.280736, 0.393000, 0.087000, 0.113000, 0.800000
0.000000, 0.000000, 0.000000, 0.000000, 0.000000, 0.000000, 0.000000, 0.000000, 0.000000, 1.000000, 0.000000, 0.000000, 0.000000, 0.000000, 0.000000, 0.000000, 0.000000, 0.000000, 0.000000, 0.000000, 0.500000, 0.268940, 0.119200, 0.268940, 0.500000, 0.268940, 0.500000, 0.119200, 0.500000, 0.880800, 0.731060, 0.268940, 0.500000, 0.731060, 0.500000, 0.268940, 0.268940, 0.500000, 0.731060, 0.731060, 2.590000, 0.190000, 4.000000, 1.700000, 6.040000, 0.390000, 0.310000, 0.178237, 0.199000, 0.043000, 0.113000, 0.844000
0.000000, 0.000000, 0.000000, 0.000000, 0.000000, 0.000000, 0.000000, 0.000000, 0.000000, 0.000000, 0.000000, 0.000000, 1.000000, 0.000000, 0.000000, 0.000000, 0.000000, 0.000000, 0.000000, 0.000000, 0.731060, 0.500000, 0.268940, 0.731060, 0.119200, 0.268940, 0.880800, 0.268940, 0.268940, 0.047430, 0.119200, 0.731060, 0.017990, 0.047430, 0.982010, 0.500000, 0.731060, 0.006690, 0.047430, 0.119200, 2.670000, 0.000000, 2.720000, 0.720000, 6.800000, 0.130000, 0.340000, 0.080219, 0.116000, 0.043000, 0.053000, 0.903000
0.000000, 0.000000, 0.000000, 0.000000, 0.000000, 0.000000, 0.000000, 0.000000, 0.000000, 0.000000, 0.000000, 0.000000, 0.000000, 0.000000, 0.000000, 1.000000, 0.000000, 0.000000, 0.000000, 0.000000, 0.731060, 0.731060, 0.268940, 0.268940, 0.268940, 0.500000, 0.731060, 0.268940, 0.268940, 0.268940, 0.268940, 0.500000, 0.119200, 0.119200, 0.952570, 0.500000, 0.500000, 0.017990, 0.268940, 0.500000, 1.310000, 0.060000, 1.600000, -0.040000, 5.700000, 0.200000, 0.280000, 0.241847, 0.423000, 0.043000, 0.053000, 0.903000
0.000000, 0.000000, 0.000000, 0.000000, 0.000000, 0.000000, 0.000000, 0.000000, 0.000000, 0.000000, 0.000000, 0.000000, 0.000000, 0.000000, 0.000000, 1.000000, 0.000000, 0.000000, 0.000000, 0.000000, 0.500000, 0.880800, 0.500000, 0.731060, 0.119200, 0.731060, 0.880800, 0.119200, 0.500000, 0.119200, 0.119200, 0.880800, 0.119200, 0.268940, 0.952570, 0.500000, 0.268940, 0.017990, 0.119200, 0.119200, 1.310000, 0.060000, 1.600000, -0.040000, 5.700000, 0.200000, 0.280000, 0.252607, 0.442000, 0.017000, 0.058000, 0.925000
1.000000, 0.000000, 0.000000, 0.000000, 0.000000, 0.000000, 0.000000, 0.000000, 0.000000, 0.000000, 0.000000, 0.000000, 0.000000, 0.000000, 0.000000, 0.000000, 0.000000, 0.000000, 0.000000, 0.000000, 0.500000, 0.119200, 0.047430, 0.119200, 0.119200, 0.268940, 0.500000, 0.017990, 0.268940, 0.952570, 0.500000, 0.119200, 0.500000, 0.500000, 0.500000, 0.119200, 0.731060, 0.500000, 0.119200, 0.952570, 1.280000, 0.050000, 1.000000, 0.310000, 6.110000, 0.420000, 0.230000, 0.147676, 0.275000, 0.043000, 0.053000, 0.903000
0.000000, 0.000000, 0.000000, 1.000000, 0.000000, 0.000000, 0.000000, 0.000000, 0.000000, 0.000000, 0.000000, 0.000000, 0.000000, 0.000000, 0.000000, 0.000000, 0.000000, 0.000000, 0.000000, 0.000000, 0.119200, 0.880800, 0.119200, 0.731060, 0.047430, 0.731060, 0.982010, 0.047430, 0.500000, 0.731060, 0.119200, 0.500000, 0.119200, 0.047430, 0.268940, 0.119200, 0.119200, 0.119200, 0.047430, 0.500000, 1.560000, 0.150000, 3.780000, -0.640000, 3.090000, 0.420000, 0.210000, 0.195645, 0.229000, 0.043000, 0.053000, 0.903000
0.000000, 0.000000, 0.000000, 0.000000, 0.000000, 0.000000, 0.000000, 0.000000, 0.000000, 0.000000, 0.000000, 0.000000, 0.000000, 0.000000, 0.000000, 0.000000, 0.000000, 1.000000, 0.000000, 0.000000, 0.119200, 0.268940, 0.047430, 0.047430, 0.119200, 0.500000, 0.500000, 0.017990, 0.731060, 0.731060, 0.268940, 0.119200, 0.268940, 0.880800, 0.119200, 0.500000, 0.952570, 0.119200, 0.952570, 0.880800, 3.670000, 0.140000, 3.000000, 1.220000, 6.020000, 0.270000, 0.490000, 0.149468, 0.199000, 0.087000, 0.113000, 0.800000
0.000000, 0.000000, 0.000000, 0.000000, 0.000000, 0.000000, 0.000000, 0.000000, 0.000000, 1.000000, 0.000000, 0.000000, 0.000000, 0.000000, 0.000000, 0.000000, 0.000000, 0.000000, 0.000000, 0.000000, 0.268940, 0.500000, 0.119200, 0.268940, 0.952570, 0.119200, 0.500000, 0.017990, 0.500000, 0.731060, 0.880800, 0.119200, 0.731060, 0.500000, 0.017990, 0.268940, 0.268940, 0.993310, 0.500000, 0.880800, 2.590000, 0.190000, 4.000000, 1.700000, 6.040000, 0.390000, 0.310000, 0.133187, 0.149000, 0.087000, 0.113000, 0.800000
0.000000, 0.000000, 0.000000, 0.000000, 0.000000, 0.000000, 0.000000, 0.000000, 0.000000, 0.000000, 0.000000, 0.000000, 1.000000, 0.000000, 0.000000, 0.000000, 0.000000, 0.000000, 0.000000, 0.000000, 0.500000, 0.500000, 0.500000, 0.993310, 0.002470, 0.268940, 0.880800, 0.047430, 0.731060, 0.006690, 0.017990, 0.268940, 0.047430, 0.017990, 0.952570, 0.268940, 0.119200, 0.002470, 0.880800, 0.017990, 2.670000, 0.000000, 2.720000, 0.720000, 6.800000, 0.130000, 0.340000, 0.076338, 0.110000, 0.087000, 0.113000, 0.800000
0.000000, 0.000000, 0.000000, 1.000000, 0.000000, 0.000000, 0.000000, 0.000000, 0.000000, 0.000000, 0.000000, 0.000000, 0.000000, 0.000000, 0.000000, 0.000000, 0.000000, 0.000000, 0.000000, 0.000000, 0.500000, 0.500000, 0.268940, 0.952570, 0.731060, 0.268940, 0.982010, 0.731060, 0.268940, 0.017990, 0.047430, 0.268940, 0.047430, 0.047430, 0.119200, 0.268940, 0.119200, 0.731060, 0.119200, 0.017990, 1.560000, 0.150000, 3.780000, -0.640000, 3.090000, 0.420000, 0.210000, 0.159227, 0.187000, 0.142000, 0.056000, 0.802000
0.000000, 0.000000, 0.000000, 0.000000, 0.000000, 0.000000, 0.000000, 0.000000, 0.000000, 1.000000, 0.000000, 0.000000, 0.000000, 0.000000, 0.000000, 0.000000, 0.000000, 0.000000, 0.000000, 0.000000, 0.500000, 0.500000, 0.006690, 0.017990, 0.047430, 0.047430, 0.017990, 0.047430, 0.006690, 0.952570, 0.993310, 0.017990, 0.268940, 0.047430, 0.002470, 0.017990, 0.017990, 0.017990, 0.002470, 0.119200, 2.590000, 0.190000, 4.000000, 1.700000, 6.040000, 0.390000, 0.310000, 0.114060, 0.128000, 0.142000, 0.056000, 0.802000
0.000000, 0.000000, 0.000000, 0.000000, 0.000000, 0.000000, 0.000000, 0.000000, 0.000000, 0.000000, 0.000000, 0.000000, 0.000000, 0.000000, 0.000000, 0.000000, 1.000000, 0.000000, 0.000000, 0.000000, 0.731060, 0.047430, 0.268940, 0.017990, 0.047430, 0.017990, 0.047430, 0.047430, 0.047430, 0.880800, 0.731060, 0.047430, 0.119200, 0.047430, 0.006690, 0.119200, 0.952570, 0.017990, 0.997530, 0.268940, 3.030000, 0.110000, 2.600000, 0.260000, 5.600000, 0.210000, 0.360000, 0.201577, 0.298000, 0.084000, 0.052000, 0.864000
0.000000, 0.000000, 0.000000, 0.000000, 0.000000, 0.000000, 0.000000, 0.000000, 0.000000, 0.000000, 0.000000, 0.000000, 1.000000, 0.000000, 0.000000, 0.000000, 0.000000, 0.000000, 0.000000, 0.000000, 0.119200, 0.047430, 0.119200, 0.047430, 0.006690, 0.047430, 0.268940, 0.047430, 0.500000, 0.017990, 0.119200, 0.017990, 0.119200, 0.119200, 0.999090, 0.047430, 0.119200, 0.119200, 0.993310, 0.017990, 2.670000, 0.000000, 2.720000, 0.720000, 6.800000, 0.130000, 0.340000, 0.125107, 0.181000, 0.043000, 0.053000, 0.903000
0.000000, 1.000000, 0.000000, 0.000000, 0.000000, 0.000000, 0.000000, 0.000000, 0.000000, 0.000000, 0.000000, 0.000000, 0.000000, 0.000000, 0.000000, 0.000000, 0.000000, 0.000000, 0.000000, 0.000000, 0.731060, 0.047430, 0.500000, 0.952570, 0.500000, 0.119200, 0.880800, 0.952570, 0.731060, 0.047430, 0.268940, 0.047430, 0.119200, 0.047430, 0.047430, 0.268940, 0.119200, 0.006690, 0.731060, 0.047430, 1.770000, 0.130000, 2.430000, 1.540000, 6.350000, 0.170000, 0.410000, 0.180058, 0.263000, 0.043000, 0.053000, 0.903000
0.000000, 0.000000, 0.000000, 0.000000, 0.000000, 1.000000, 0.000000, 0.000000, 0.000000, 0.000000, 0.000000, 0.000000, 0.000000, 0.000000, 0.000000, 0.000000, 0.000000, 0.000000, 0.000000, 0.000000, 0.982010, 0.047430, 0.119200, 0.500000, 0.268940, 0.119200, 0.268940, 0.982010, 0.119200, 0.047430, 0.047430, 0.119200, 0.047430, 0.268940, 0.047430, 0.500000, 0.500000, 0.047430, 0.017990, 0.119200, 0.000000, 0.000000, 0.000000, 0.000000, 6.070000, 0.130000, 0.150000, 0.092477, 0.241000, 0.043000, 0.053000, 0.903000
0.000000, 0.000000, 1.000000, 0.000000, 0.000000, 0.000000, 0.000000, 0.000000, 0.000000, 0.000000, 0.000000, 0.000000, 0.000000, 0.000000, 0.000000, 0.000000, 0.000000, 0.000000, 0.000000, 0.000000, 0.500000, 0.268940, 0.880800, 0.982010, 0.047430, 0.268940, 0.500000, 0.500000, 0.500000, 0.047430, 0.119200, 0.047430, 0.119200, 0.017990, 0.731060, 0.952570, 0.500000, 0.047430, 0.268940, 0.119200, 1.600000, 0.110000, 2.780000, -0.770000, 2.950000, 0.250000, 0.200000, 0.185154, 0.263000, 0.087000, 0.113000, 0.800000
0.000000, 0.000000, 0.000000, 0.000000, 0.000000, 0.000000, 0.000000, 0.000000, 0.000000, 0.000000, 0.000000, 0.000000, 0.000000, 0.000000, 0.000000, 0.000000, 0.000000, 1.000000, 0.000000, 0.000000, 0.880800, 0.047430, 0.119200, 0.119200, 0.047430, 0.047430, 0.119200, 0.119200, 0.119200, 0.500000, 0.500000, 0.017990, 0.500000, 0.119200, 0.982010, 0.731060, 0.268940, 0.119200, 0.119200, 0.731060, 3.670000, 0.140000, 3.000000, 1.220000, 6.020000, 0.270000, 0.490000, 0.138440, 0.184000, 0.087000, 0.113000, 0.800000
0.000000, 0.000000, 0.000000, 0.000000, 0.000000, 1.000000, 0.000000, 0.000000, 0.000000, 0.000000, 0.000000, 0.000000, 0.000000, 0.000000, 0.000000, 0.000000, 0.000000, 0.000000, 0.000000, 0.000000, 0.731060, 0.500000, 0.500000, 0.880800, 0.017990, 0.731060, 0.952570, 0.731060, 0.731060, 0.017990, 0.047430, 0.268940, 0.500000, 0.017990, 0.268940, 0.731060, 0.268940, 0.119200, 0.047430, 0.047430, 0.000000, 0.000000, 0.000000, 0.000000, 6.070000, 0.130000, 0.150000, 0.064777, 0.169000, 0.150000, 0.118000, 0.732000
0.000000, 0.000000, 0.000000, 0.000000, 0.000000, 0.000000, 0.000000, 0.000000, 0.000000, 1.000000, 0.000000, 0.000000, 0.000000, 0.000000, 0.000000, 0.000000, 0.000000, 0.000000, 0.000000, 0.000000, 0.500000, 0.500000, 0.268940, 0.880800, 0.047430, 0.731060, 0.880800, 0.047430, 0.268940, 0.500000, 0.731060, 0.268940, 0.731060, 0.268940, 0.268940, 0.268940, 0.880800, 0.500000, 0.119200, 0.268940, 2.590000, 0.190000, 4.000000, 1.700000, 6.040000, 0.390000, 0.310000, 0.174038, 0.195000, 0.227000, 0.125000, 0.648000
0.000000, 0.000000, 0.000000, 0.000000, 0.000000, 0.000000, 0.000000, 0.000000, 0.000000, 0.000000, 0.000000, 0.000000, 0.000000, 0.000000, 0.000000, 0.000000, 0.000000, 1.000000, 0.000000, 0.000000, 0.500000, 0.002470, 0.002470, 0.000910, 0.047430, 0.017990, 0.017990, 0.002470, 0.017990, 0.952570, 0.982010, 0.006690, 0.500000, 0.500000, 0.017990, 0.017990, 0.119200, 0.880800, 0.500000, 0.982010, 3.670000, 0.140000, 3.000000, 1.220000, 6.020000, 0.270000, 0.490000, 0.134612, 0.179000, 0.142000, 0.056000, 0.802000
0.000000, 0.000000, 0.000000, 0.000000, 0.000000, 0.000000, 0.000000, 0.000000, 0.000000, 0.000000, 0.000000, 0.000000, 0.000000, 0.000000, 0.000000, 1.000000, 0.000000, 0.000000, 0.000000, 0.000000, 0.731060, 0.500000, 0.119200, 0.500000, 0.268940, 0.268940, 0.268940, 0.119200, 0.268940, 0.731060, 0.952570, 0.268940, 0.500000, 0.731060, 0.017990, 0.268940, 0.119200, 0.119200, 0.268940, 0.500000, 1.310000, 0.060000, 1.600000, -0.040000, 5.700000, 0.200000, 0.280000, 0.219078, 0.383000, 0.087000, 0.113000, 0.800000
1.000000, 0.000000, 0.000000, 0.000000, 0.000000, 0.000000, 0.000000, 0.000000, 0.000000, 0.000000, 0.000000, 0.000000, 0.000000, 0.000000, 0.000000, 0.000000, 0.000000, 0.000000, 0.000000, 0.000000, 0.880800, 0.500000, 0.500000, 0.982010, 0.268940, 0.500000, 0.952570, 0.119200, 0.880800, 0.047430, 0.017990, 0.500000, 0.017990, 0.006690, 0.119200, 0.500000, 0.268940, 0.268940, 0.017990, 0.047430, 1.280000, 0.050000, 1.000000, 0.310000, 6.110000, 0.420000, 0.230000, 0.191252, 0.355000, 0.087000, 0.113000, 0.800000
0.000000, 0.000000, 0.000000, 0.000000, 0.000000, 0.000000, 0.000000, 0.000000, 0.000000, 0.000000, 0.000000, 0.000000, 0.000000, 0.000000, 0.000000, 0.000000, 0.000000, 0.000000, 0.000000, 1.000000, 0.500000, 0.500000, 0.047430, 0.047430, 0.268940, 0.268940, 0.500000, 0.047430, 0.880800, 0.731060, 0.880800, 0.119200, 0.500000, 0.731060, 0.047430, 0.119200, 0.268940, 0.993310, 0.952570, 0.731060, 2.940000, 0.300000, 6.470000, 0.960000, 5.660000, 0.250000, 0.410000, 0.257162, 0.246000, 0.087000, 0.113000, 0.800000
0.000000, 0.000000, 0.000000, 0.000000, 0.000000, 0.000000, 0.000000, 0.000000, 0.000000, 1.000000, 0.000000, 0.000000, 0.000000, 0.000000, 0.000000, 0.000000, 0.000000, 0.000000, 0.000000, 0.000000, 0.119200, 0.268940, 0.006690, 0.006690, 0.047430, 0.017990, 0.006690, 0.002470, 0.017990, 0.982010, 0.993310, 0.006690, 0.268940, 0.119200, 0.006690, 0.006690, 0.047430, 0.119200, 0.047430, 0.731060, 2.590000, 0.190000, 4.000000, 1.700000, 6.040000, 0.390000, 0.310000, 0.127646, 0.143000, 0.150000, 0.118000, 0.732000
0.000000, 0.000000, 0.000000, 0.000000, 0.000000, 0.000000, 0.000000, 0.000000, 0.000000, 0.000000, 0.000000, 0.000000, 0.000000, 1.000000, 0.000000, 0.000000, 0.000000, 0.000000, 0.000000, 0.000000, 0.731060, 0.952570, 0.880800, 0.500000, 0.119200, 0.952570, 0.880800, 0.119200, 0.731060, 0.119200, 0.119200, 0.731060, 0.047430, 0.047430, 0.047430, 0.500000, 0.119200, 0.006690, 0.047430, 0.119200, 1.560000, 0.180000, 3.950000, -0.220000, 5.650000, 0.360000, 0.250000, 0.240036, 0.275000, 0.150000, 0.118000, 0.732000
1.000000, 0.000000, 0.000000, 0.000000, 0.000000, 0.000000, 0.000000, 0.000000, 0.000000, 0.000000, 0.000000, 0.000000, 0.000000, 0.000000, 0.000000, 0.000000, 0.000000, 0.000000, 0.000000, 0.000000, 0.952570, 0.500000, 0.268940, 0.268940, 0.047430, 0.731060, 0.880800, 0.500000, 0.268940, 0.268940, 0.119200, 0.500000, 0.119200, 0.119200, 0.119200, 0.500000, 0.731060, 0.500000, 0.119200, 0.500000, 1.280000, 0.050000, 1.000000, 0.310000, 6.110000, 0.420000, 0.230000, 0.146710, 0.273000, 0.087000, 0.113000, 0.800000
0.000000, 0.000000, 0.000000, 0.000000, 0.000000, 0.000000, 0.000000, 0.000000, 0.000000, 1.000000, 0.000000, 0.000000, 0.000000, 0.000000, 0.000000, 0.000000, 0.000000, 0.000000, 0.000000, 0.000000, 0.119200, 0.500000, 0.047430, 0.047430, 0.731060, 0.500000, 0.119200, 0.119200, 0.731060, 0.731060, 0.952570, 0.119200, 0.500000, 0.500000, 0.119200, 0.047430, 0.119200, 0.731060, 0.880800, 0.731060, 2.590000, 0.190000, 4.000000, 1.700000, 6.040000, 0.390000, 0.310000, 0.154369, 0.173000, 0.087000, 0.113000, 0.800000
0.000000, 0.000000, 0.000000, 0.000000, 0.000000, 0.000000, 0.000000, 0.000000, 0.000000, 0.000000, 0.000000, 0.000000, 0.000000, 0.000000, 0.000000, 0.000000, 1.000000, 0.000000, 0.000000, 0.000000, 0.880800, 0.500000, 0.268940, 0.500000, 0.268940, 0.500000, 0.268940, 0.268940, 0.119200, 0.500000, 0.268940, 0.268940, 0.268940, 0.119200, 0.731060, 0.731060, 0.731060, 0.982010, 0.268940, 0.268940, 3.030000, 0.110000, 2.600000, 0.260000, 5.600000, 0.210000, 0.360000, 0.213020, 0.315000, 0.043000, 0.113000, 0.844000
0.000000, 0.000000, 0.000000, 0.000000, 0.000000, 0.000000, 0.000000, 0.000000, 0.000000, 0.000000, 0.000000, 1.000000, 0.000000, 0.000000, 0.000000, 0.000000, 0.000000, 0.000000, 0.000000, 0.000000, 0.268940, 0.268940, 0.731060, 0.982010, 0.017990, 0.731060, 0.880800, 0.268940, 0.731060, 0.006690, 0.006690, 0.500000, 0.006690, 0.047430, 0.982010, 0.268940, 0.119200, 0.017990, 0.119200, 0.017990, 1.600000, 0.130000, 2.950000, -0.600000, 6.520000, 0.210000, 0.220000, 0.294674, 0.412000, 0.043000, 0.113000, 0.844000
0.000000, 0.000000, 0.000000, 1.000000, 0.000000, 0.000000, 0.000000, 0.000000, 0.000000, 0.000000, 0.000000, 0.000000, 0.000000, 0.000000, 0.000000, 0.000000, 0.000000, 0.000000, 0.000000, 0.000000, 0.500000, 0.268940, 0.268940, 0.982010, 0.017990, 0.880800, 0.982010, 0.047430, 0.731060, 0.017990, 0.017990, 0.268940, 0.047430, 0.017990, 0.731060, 0.268940, 0.119200, 0.002470, 0.006690, 0.047430, 1.560000, 0.150000, 3.780000, -0.640000, 3.090000, 0.420000, 0.210000, 0.265241, 0.311000, 0.043000, 0.113000, 0.844000
0.000000, 0.000000, 0.000000, 0.000000, 0.000000, 1.000000, 0.000000, 0.000000, 0.000000, 0.000000, 0.000000, 0.000000, 0.000000, 0.000000, 0.000000, 0.000000, 0.000000, 0.000000, 0.000000, 0.000000, 0.500000, 0.268940, 0.731060, 0.880800, 0.119200, 0.500000, 0.731060, 0.880800, 0.500000, 0.047430, 0.017990, 0.731060, 0.119200, 0.047430, 0.268940, 0.731060, 0.500000, 0.047430, 0.119200, 0.047430, 0.000000, 0.000000, 0.000000, 0.000000, 6.070000, 0.130000, 0.150000, 0.092438, 0.241000, 0.087000, 0.113000, 0.800000
0.000000, 0.000000, 0.000000, 0.000000, 0.000000, 0.000000, 0.000000, 0.000000, 0.000000, 0.000000, 0.000000, 0.000000, 0.000000, 0.000000, 0.000000, 0.000000, 0.000000, 1.000000, 0.000000, 0.000000, 0.880800, 0.268940, 0.268940, 0.268940, 0.731060, 0.119200, 0.268940, 0.500000, 0.500000, 0.731060, 0.268940, 0.268940, 0.268940, 0.119200, 0.500000, 0.268940, 0.268940, 0.500000, 0.731060, 0.880800, 3.670000, 0.140000, 3.000000, 1.220000, 6.020000, 0.270000, 0.490000, 0.185784, 0.248000, 0.084000, 0.052000, 0.864000
1.000000, 0.000000, 0.000000, 0.000000, 0.000000, 0.000000, 0.000000, 0.000000, 0.000000, 0.000000, 0.000000, 0.000000, 0.000000, 0.000000, 0.000000, 0.000000, 0.000000, 0.000000, 0.000000, 0.000000, 0.500000, 0.731060, 0.731060, 0.952570, 0.017990, 0.880800, 0.880800, 0.731060, 0.731060, 0.017990, 0.017990, 0.731060, 0.047430, 0.017990, 0.268940, 0.731060, 0.268940, 0.006690, 0.047430, 0.017990, 1.280000, 0.050000, 1.000000, 0.310000, 6.110000, 0.420000, 0.230000, 0.138044, 0.257000, 0.043000, 0.053000, 0.903000
0.000000, 0.000000, 0.000000, 0.000000, 0.000000, 0.000000, 0.000000, 0.000000, 0.000000, 0.000000, 0.000000, 0.000000, 0.000000, 0.000000, 0.000000, 1.000000, 0.000000, 0.000000, 0.000000, 0.000000, 0.500000, 0.731060, 0.880800, 0.047430, 0.952570, 0.119200, 0.119200, 0.047430, 0.500000, 0.006690, 0.006690, 0.119200, 0.006690, 0.006690, 0.268940, 0.952570, 0.982010, 0.000910, 0.047430, 0.119200, 1.310000, 0.060000, 1.600000, -0.040000, 5.700000, 0.200000, 0.280000, 0.233895, 0.409000, 0.084000, 0.052000, 0.864000
0.000000, 0.000000, 0.000000, 0.000000, 0.000000, 0.000000, 0.000000, 0.000000, 0.000000, 0.000000, 0.000000, 0.000000, 0.000000, 0.000000, 0.000000, 0.000000, 0.000000, 1.000000, 0.000000, 0.000000, 0.119200, 0.000340, 0.000340, 0.000340, 0.119200, 0.002470, 0.000340, 0.000910, 0.000340, 0.952570, 0.982010, 0.000340, 0.119200, 0.017990, 0.002470, 0.002470, 0.017990, 0.500000, 0.017990, 0.997530, 3.670000, 0.140000, 3.000000, 1.220000, 6.020000, 0.270000, 0.490000, 0.198389, 0.264000, 0.150000, 0.118000, 0.732000
0.000000, 0.000000, 0.000000, 0.000000, 0.000000, 0.000000, 0.000000, 0.000000, 0.000000, 1.000000, 0.000000, 0.000000, 0.000000, 0.000000, 0.000000, 0.000000, 0.000000, 0.000000, 0.000000, 0.000000, 0.731060, 0.000910, 0.000340, 0.000340, 0.119200, 0.006690, 0.000340, 0.002470, 0.000340, 0.500000, 0.993310, 0.000910, 0.997530, 0.268940, 0.000340, 0.000910, 0.017990, 0.047430, 0.017990, 0.731060, 2.590000, 0.190000, 4.000000, 1.700000, 6.040000, 0.390000, 0.310000, 0.180023, 0.201000, 0.227000, 0.125000, 0.648000
0.000000, 0.000000, 0.000000, 0.000000, 0.000000, 0.000000, 0.000000, 0.000000, 0.000000, 0.000000, 0.000000, 0.000000, 0.000000, 0.000000, 0.000000, 0.000000, 0.000000, 1.000000, 0.000000, 0.000000, 0.017990, 0.000340, 0.000120, 0.000120, 0.500000, 0.000340, 0.000340, 0.000120, 0.000340, 0.982010, 0.982010, 0.000340, 0.880800, 0.119200, 0.000340, 0.000340, 0.002470, 0.017990, 0.017990, 0.982010, 3.670000, 0.140000, 3.000000, 1.220000, 6.020000, 0.270000, 0.490000, 0.204018, 0.272000, 0.216000, 0.064000, 0.721000
0.000000, 0.000000, 0.000000, 0.000000, 0.000000, 0.000000, 0.000000, 1.000000, 0.000000, 0.000000, 0.000000, 0.000000, 0.000000, 0.000000, 0.000000, 0.000000, 0.000000, 0.000000, 0.000000, 0.000000, 0.006690, 0.000120, 0.000120, 0.000120, 0.047430, 0.000120, 0.000120, 0.000120, 0.000120, 0.982010, 0.268940, 0.000120, 0.047430, 0.731060, 0.000120, 0.002470, 0.006690, 0.000120, 0.000910, 0.999090, 4.190000, 0.190000, 4.000000, 1.800000, 6.040000, 0.300000, 0.450000, 0.189929, 0.210000, 0.142000, 0.056000, 0.802000
0.000000, 0.000000, 0.000000, 0.000000, 0.000000, 0.000000, 0.000000, 0.000000, 0.000000, 0.000000, 0.000000, 0.000000, 0.000000, 0.000000, 0.000000, 1.000000, 0.000000, 0.000000, 0.000000, 0.000000, 0.500000, 0.000120, 0.006690, 0.000340, 0.500000, 0.000340, 0.000120, 0.999090, 0.000120, 0.000050, 0.000340, 0.000340, 0.006690, 0.006690, 0.000120, 0.880800, 0.047430, 0.000120, 0.000120, 0.000120, 1.310000, 0.060000, 1.600000, -0.040000, 5.700000, 0.200000, 0.280000, 0.260159, 0.455000, 0.043000, 0.053000, 0.903000
0.000000, 0.000000, 0.000000, 0.000000, 0.000000, 0.000000, 1.000000, 0.000000, 0.000000, 0.000000, 0.000000, 0.000000, 0.000000, 0.000000, 0.000000, 0.000000, 0.000000, 0.000000, 0.000000, 0.000000, 0.000020, 0.000120, 0.000340, 0.000050, 0.000010, 0.000340, 0.000120, 0.000020, 0.999990, 0.000010, 0.000010, 0.000050, 0.000050, 0.000050, 0.000020, 0.000050, 0.000020, 0.000020, 0.047430, 0.000010, 2.990000, 0.230000, 4.660000, 0.130000, 7.690000, 0.270000, 0.300000, 0.344635, 0.388000, 0.043000, 0.053000, 0.903000
0.000000, 0.000000, 0.000000, 0.000000, 0.000000, 0.000000, 0.000000, 0.000000, 0.000000, 1.000000, 0.000000, 0.000000, 0.000000, 0.000000, 0.000000, 0.000000, 0.000000, 0.000000, 0.000000, 0.000000, 0.017990, 0.006690, 0.999090, 0.017990, 0.002470, 0.952570, 0.952570, 0.000910, 0.047430, 0.002470, 0.500000, 0.002470, 0.982010, 0.006690, 0.000340, 0.017990, 0.006690, 0.047430, 0.000340, 0.006690, 2.590000, 0.190000, 4.000000, 1.700000, 6.040000, 0.390000, 0.310000, 0.121300, 0.136000, 0.142000, 0.056000, 0.802000
0.000000, 0.000000, 0.000000, 0.000000, 0.000000, 0.000000, 0.000000, 0.000000, 0.000000, 0.000000, 0.000000, 0.000000, 1.000000, 0.000000, 0.000000, 0.000000, 0.000000, 0.000000, 0.000000, 0.000000, 0.000910, 0.000910, 0.119200, 0.000910, 0.000050, 0.000120, 0.002470, 0.000340, 0.119200, 0.000050, 0.000050, 0.006690, 0.000050, 0.000020, 0.999880, 0.000910, 0.000910, 0.000020, 0.000050, 0.000050, 2.670000, 0.000000, 2.720000, 0.720000, 6.800000, 0.130000, 0.340000, 0.072945, 0.105000, 0.142000, 0.056000, 0.802000
0.000000, 0.000000, 0.000000, 0.000000, 0.000000, 0.000000, 0.000000, 0.000000, 0.000000, 1.000000, 0.000000, 0.000000, 0.000000, 0.000000, 0.000000, 0.000000, 0.000000, 0.000000, 0.000000, 0.000000, 0.268940, 0.002470, 0.119200, 0.880800, 0.047430, 0.017990, 0.047430, 0.982010, 0.268940, 0.268940, 0.731060, 0.006690, 0.268940, 0.500000, 0.002470, 0.268940, 0.880800, 0.880800, 0.268940, 0.119200, 2.590000, 0.190000, 4.000000, 1.700000, 6.040000, 0.390000, 0.310000, 0.147666, 0.165000, 0.150000, 0.118000, 0.732000
0.000000, 0.000000, 0.000000, 0.000000, 0.000000, 0.000000, 0.000000, 0.000000, 0.000000, 0.000000, 0.000000, 0.000000, 0.000000, 0.000000, 0.000000, 0.000000, 0.000000, 1.000000, 0.000000, 0.000000, 0.006690, 0.002470, 0.000340, 0.000340, 0.017990, 0.000910, 0.002470, 0.000340, 0.000340, 0.982010, 0.982010, 0.000340, 0.993310, 0.268940, 0.000340, 0.002470, 0.017990, 0.268940, 0.006690, 0.982010, 3.670000, 0.140000, 3.000000, 1.220000, 6.020000, 0.270000, 0.490000, 0.133636, 0.178000, 0.150000, 0.118000, 0.732000
0.000000, 0.000000, 0.000000, 0.000000, 0.000000, 1.000000, 0.000000, 0.000000, 0.000000, 0.000000, 0.000000, 0.000000, 0.000000, 0.000000, 0.000000, 0.000000, 0.000000, 0.000000, 0.000000, 0.000000, 0.731060, 0.017990, 0.047430, 0.047430, 0.047430, 0.500000, 0.880800, 0.952570, 0.880800, 0.000910, 0.006690, 0.017990, 0.017990, 0.006690, 0.500000, 0.952570, 0.731060, 0.047430, 0.119200, 0.002470, 0.000000, 0.000000, 0.000000, 0.000000, 6.070000, 0.130000, 0.150000, 0.058592, 0.152000, 0.086000, 0.191000, 0.723000
0.000000, 0.000000, 0.000000, 0.000000, 0.000000, 0.000000, 0.000000, 0.000000, 0.000000, 0.000000, 0.000000, 0.000000, 0.000000, 0.000000, 0.000000, 0.000000, 0.000000, 0.000000, 0.000000, 1.000000, 0.500000, 0.500000, 0.500000, 0.952570, 0.006690, 0.880800, 0.952570, 0.119200, 0.731060, 0.047430, 0.268940, 0.119200, 0.268940, 0.119200, 0.002470, 0.500000, 0.119200, 0.268940, 0.982010, 0.047430, 2.940000, 0.300000, 6.470000, 0.960000, 5.660000, 0.250000, 0.410000, 0.185491, 0.178000, 0.150000, 0.118000, 0.732000
0.000000, 0.000000, 0.000000, 0.000000, 0.000000, 0.000000, 0.000000, 0.000000, 0.000000, 1.000000, 0.000000, 0.000000, 0.000000, 0.000000, 0.000000, 0.000000, 0.000000, 0.000000, 0.000000, 0.000000, 0.268940, 0.000340, 0.000340, 0.000120, 0.047430, 0.000910, 0.000340, 0.000340, 0.006690, 0.731060, 0.993310, 0.000340, 0.880800, 0.952570, 0.000340, 0.002470, 0.500000, 0.982010, 0.047430, 0.500000, 2.590000, 0.190000, 4.000000, 1.700000, 6.040000, 0.390000, 0.310000, 0.122100, 0.137000, 0.150000, 0.118000, 0.732000
0.000000, 0.000000, 0.000000, 0.000000, 0.000000, 0.000000, 0.000000, 0.000000, 0.000000, 0.000000, 0.000000, 0.000000, 0.000000, 0.000000, 0.000000, 0.000000, 0.000000, 1.000000, 0.000000, 0.000000, 0.993310, 0.006690, 0.002470, 0.000910, 0.731060, 0.002470, 0.006690, 0.047430, 0.000910, 0.731060, 0.268940, 0.002470, 0.017990, 0.047430, 0.000910, 0.119200, 0.500000, 0.000910, 0.000910, 0.982010, 3.670000, 0.140000, 3.000000, 1.220000, 6.020000, 0.270000, 0.490000, 0.125005, 0.167000, 0.150000, 0.118000, 0.732000
1.000000, 0.000000, 0.000000, 0.000000, 0.000000, 0.000000, 0.000000, 0.000000, 0.000000, 0.000000, 0.000000, 0.000000, 0.000000, 0.000000, 0.000000, 0.000000, 0.000000, 0.000000, 0.000000, 0.000000, 0.880800, 0.268940, 0.731060, 0.500000, 0.500000, 0.500000, 0.880800, 0.268940, 0.880800, 0.047430, 0.500000, 0.119200, 0.119200, 0.047430, 0.006690, 0.880800, 0.268940, 0.500000, 0.119200, 0.047430, 1.280000, 0.050000, 1.000000, 0.310000, 6.110000, 0.420000, 0.230000, 0.105497, 0.196000, 0.150000, 0.118000, 0.732000
0.000000, 0.000000, 0.000000, 1.000000, 0.000000, 0.000000, 0.000000, 0.000000, 0.000000, 0.000000, 0.000000, 0.000000, 0.000000, 0.000000, 0.000000, 0.000000, 0.000000, 0.000000, 0.000000, 0.000000, 0.731060, 0.731060, 0.119200, 0.500000, 0.047430, 0.731060, 0.880800, 0.119200, 0.880800, 0.268940, 0.731060, 0.268940, 0.500000, 0.268940, 0.006690, 0.500000, 0.268940, 0.952570, 0.880800, 0.119200, 1.560000, 0.150000, 3.780000, -0.640000, 3.090000, 0.420000, 0.210000, 0.162981, 0.191000, 0.087000, 0.113000, 0.800000
0.000000, 0.000000, 0.000000, 0.000000, 0.000000, 0.000000, 0.000000, 0.000000, 0.000000, 1.000000, 0.000000, 0.000000, 0.000000, 0.000000, 0.000000, 0.000000, 0.000000, 0.000000, 0.000000, 0.000000, 0.017990, 0.000910, 0.000910, 0.000120, 0.000910, 0.000340, 0.000910, 0.000120, 0.000340, 0.500000, 0.999090, 0.000340, 0.119200, 0.731060, 0.000120, 0.000910, 0.002470, 0.731060, 0.119200, 0.047430, 2.590000, 0.190000, 4.000000, 1.700000, 6.040000, 0.390000, 0.310000, 0.142038, 0.159000, 0.087000, 0.113000, 0.800000
0.000000, 1.000000, 0.000000, 0.000000, 0.000000, 0.000000, 0.000000, 0.000000, 0.000000, 0.000000, 0.000000, 0.000000, 0.000000, 0.000000, 0.000000, 0.000000, 0.000000, 0.000000, 0.000000, 0.000000, 0.731060, 0.006690, 0.047430, 0.500000, 0.993310, 0.017990, 0.017990, 0.017990, 0.047430, 0.731060, 0.880800, 0.006690, 0.268940, 0.047430, 0.006690, 0.268940, 0.880800, 0.006690, 0.119200, 0.952570, 1.770000, 0.130000, 2.430000, 1.540000, 6.350000, 0.170000, 0.410000, 0.153398, 0.224000, 0.043000, 0.113000, 0.844000
0.000000, 0.000000, 0.000000, 0.000000, 0.000000, 0.000000, 0.000000, 0.000000, 0.000000, 0.000000, 0.000000, 0.000000, 1.000000, 0.000000, 0.000000, 0.000000, 0.000000, 0.000000, 0.000000, 0.000000, 0.731060, 0.119200, 0.268940, 0.268940, 0.500000, 0.268940, 0.119200, 0.952570, 0.880800, 0.017990, 0.047430, 0.268940, 0.047430, 0.017990, 0.952570, 0.731060, 0.500000, 0.952570, 0.017990, 0.017990, 2.670000, 0.000000, 2.720000, 0.720000, 6.800000, 0.130000, 0.340000, 0.080429, 0.116000, 0.043000, 0.113000, 0.844000
0.000000, 0.000000, 0.000000, 0.000000, 0.000000, 1.000000, 0.000000, 0.000000, 0.000000, 0.000000, 0.000000, 0.000000, 0.000000, 0.000000, 0.000000, 0.000000, 0.000000, 0.000000, 0.000000, 0.000000, 0.500000, 0.268940, 0.268940, 0.880800, 0.119200, 0.731060, 0.731060, 0.993310, 0.731060, 0.006690, 0.006690, 0.119200, 0.047430, 0.006690, 0.119200, 0.500000, 0.119200, 0.002470, 0.017990, 0.047430, 0.000000, 0.000000, 0.000000, 0.000000, 6.070000, 0.130000, 0.150000, 0.070538, 0.184000, 0.043000, 0.113000, 0.844000
0.000000, 0.000000, 0.000000, 1.000000, 0.000000, 0.000000, 0.000000, 0.000000, 0.000000, 0.000000, 0.000000, 0.000000, 0.000000, 0.000000, 0.000000, 0.000000, 0.000000, 0.000000, 0.000000, 0.000000, 0.731060, 0.880800, 0.500000, 0.880800, 0.047430, 0.880800, 0.952570, 0.500000, 0.500000, 0.119200, 0.047430, 0.268940, 0.500000, 0.017990, 0.268940, 0.500000, 0.268940, 0.017990, 0.047430, 0.119200, 1.560000, 0.150000, 3.780000, -0.640000, 3.090000, 0.420000, 0.210000, 0.156756, 0.184000, 0.043000, 0.113000, 0.844000
0.000000, 0.000000, 0.000000, 0.000000, 0.000000, 0.000000, 0.000000, 0.000000, 0.000000, 0.000000, 0.000000, 0.000000, 0.000000, 0.000000, 0.000000, 0.000000, 1.000000, 0.000000, 0.000000, 0.000000, 0.731060, 0.268940, 0.731060, 0.500000, 0.500000, 0.500000, 0.880800, 0.268940, 0.500000, 0.268940, 0.268940, 0.119200, 0.500000, 0.268940, 0.500000, 0.731060, 0.500000, 0.017990, 0.500000, 0.268940, 3.030000, 0.110000, 2.600000, 0.260000, 5.600000, 0.210000, 0.360000, 0.165080, 0.244000, 0.087000, 0.113000, 0.800000
0.000000, 0.000000, 0.000000, 0.000000, 0.000000, 0.000000, 0.000000, 0.000000, 0.000000, 0.000000, 0.000000, 0.000000, 1.000000, 0.000000, 0.000000, 0.000000, 0.000000, 0.000000, 0.000000, 0.000000, 0.500000, 0.500000, 0.500000, 0.731060, 0.017990, 0.119200, 0.268940, 0.119200, 0.880800, 0.731060, 0.119200, 0.119200, 0.047430, 0.500000, 0.982010, 0.500000, 0.268940, 0.017990, 0.119200, 0.268940, 2.670000, 0.000000, 2.720000, 0.720000, 6.800000, 0.130000, 0.340000, 0.080912, 0.117000, 0.084000, 0.052000, 0.864000
0.000000, 0.000000, 0.000000, 0.000000, 0.000000, 0.000000, 0.000000, 0.000000, 0.000000, 0.000000, 0.000000, 0.000000, 1.000000, 0.000000, 0.000000, 0.000000, 0.000000, 0.000000, 0.000000, 0.000000, 0.500000, 0.500000, 0.119200, 0.731060, 0.017990, 0.500000, 0.731060, 0.268940, 0.119200, 0.731060, 0.268940, 0.119200, 0.047430, 0.047430, 0.982010, 0.268940, 0.119200, 0.017990, 0.017990, 0.500000, 2.670000, 0.000000, 2.720000, 0.720000, 6.800000, 0.130000, 0.340000, 0.104809, 0.151000, 0.084000, 0.052000, 0.864000
0.000000, 0.000000, 0.000000, 0.000000, 0.000000, 0.000000, 0.000000, 0.000000, 0.000000, 0.000000, 1.000000, 0.000000, 0.000000, 0.000000, 0.000000, 0.000000, 0.000000, 0.000000, 0.000000, 0.000000, 0.268940, 0.880800, 0.731060, 0.047430, 0.047430, 0.268940, 0.500000, 0.500000, 0.880800, 0.500000, 0.500000, 0.880800, 0.952570, 0.268940, 0.268940, 0.500000, 0.119200, 0.119200, 0.268940, 0.500000, 2.350000, 0.220000, 4.430000, 1.230000, 5.710000, 0.380000, 0.320000, 0.294327, 0.301000, 0.084000, 0.052000, 0.864000
0.000000, 0.000000, 0.000000, 0.000000, 1.000000, 0.000000, 0.000000, 0.000000, 0.000000, 0.000000, 0.000000, 0.000000, 0.000000, 0.000000, 0.000000, 0.000000, 0.000000, 0.000000, 0.000000, 0.000000, 0.017990, 0.006690, 0.000910, 0.000910, 0.002470, 0.002470, 0.002470, 0.006690, 0.002470, 0.500000, 0.880800, 0.002470, 0.982010, 0.999660, 0.002470, 0.006690, 0.006690, 0.500000, 0.880800, 0.119200, 2.940000, 0.290000, 5.890000, 1.790000, 5.670000, 0.300000, 0.380000, 0.223194, 0.228000, 0.084000, 0.052000, 0.864000
0.000000, 0.000000, 0.000000, 0.000000, 0.000000, 0.000000, 0.000000, 0.000000, 0.000000, 0.000000, 0.000000, 0.000000, 0.000000, 0.000000, 0.000000, 0.000000, 1.000000, 0.000000, 0.000000, 0.000000, 0.500000, 0.268940, 0.119200, 0.017990, 0.006690, 0.119200, 0.047430, 0.017990, 0.119200, 0.000910, 0.000910, 0.952570, 0.017990, 0.000340, 0.999090, 0.500000, 0.119200, 0.000120, 0.268940, 0.017990, 3.030000, 0.110000, 2.600000, 0.260000, 5.600000, 0.210000, 0.360000, 0.203471, 0.300000, 0.047000, 0.018000, 0.935000
0.000000, 0.000000, 0.000000, 0.000000, 0.000000, 0.000000, 0.000000, 0.000000, 0.000000, 0.000000, 0.000000, 0.000000, 0.000000, 0.000000, 0.000000, 0.000000, 1.000000, 0.000000, 0.000000, 0.000000, 0.119200, 0.017990, 0.119200, 0.000910, 0.006690, 0.002470, 0.002470, 0.017990, 0.017990, 0.000340, 0.002470, 0.952570, 0.002470, 0.000910, 0.880800, 0.047430, 0.999090, 0.000120, 0.017990, 0.006690, 3.030000, 0.110000, 2.600000, 0.260000, 5.600000, 0.210000, 0.360000, 0.220470, 0.326000, 0.043000, 0.053000, 0.903000
0.000000, 0.000000, 0.000000, 0.000000, 0.000000, 0.000000, 0.000000, 0.000000, 0.000000, 0.000000, 0.000000, 0.000000, 0.000000, 0.000000, 0.000000, 1.000000, 0.000000, 0.000000, 0.000000, 0.000000, 0.993310, 0.002470, 0.002470, 0.000910, 0.993310, 0.000910, 0.017990, 0.952570, 0.000340, 0.000340, 0.000910, 0.006690, 0.006690, 0.006690, 0.006690, 0.982010, 0.047430, 0.000340, 0.002470, 0.002470, 1.310000, 0.060000, 1.600000, -0.040000, 5.700000, 0.200000, 0.280000, 0.268512, 0.469000, 0.043000, 0.053000, 0.903000
1.000000, 0.000000, 0.000000, 0.000000, 0.000000, 0.000000, 0.000000, 0.000000, 0.000000, 0.000000, 0.000000, 0.000000, 0.000000, 0.000000, 0.000000, 0.000000, 0.000000, 0.000000, 0.000000, 0.000000, 0.993310, 0.000910, 0.047430, 0.017990, 0.268940, 0.017990, 0.047430, 0.982010, 0.000910, 0.000910, 0.000910, 0.002470, 0.047430, 0.000340, 0.000910, 0.880800, 0.731060, 0.017990, 0.000340, 0.047430, 1.280000, 0.050000, 1.000000, 0.310000, 6.110000, 0.420000, 0.230000, 0.187595, 0.349000, 0.043000, 0.053000, 0.903000
0.000000, 0.000000, 0.000000, 0.000000, 0.000000, 0.000000, 0.000000, 1.000000, 0.000000, 0.000000, 0.000000, 0.000000, 0.000000, 0.000000, 0.000000, 0.000000, 0.000000, 0.000000, 0.000000, 0.000000, 0.500000, 0.002470, 0.000910, 0.000340, 0.500000, 0.002470, 0.000910, 0.000910, 0.000910, 0.982010, 0.952570, 0.000910, 0.880800, 0.731060, 0.002470, 0.006690, 0.500000, 0.268940, 0.500000, 0.952570, 4.190000, 0.190000, 4.000000, 1.800000, 6.040000, 0.300000, 0.450000, 0.176655, 0.196000, 0.043000, 0.053000, 0.903000
1.000000, 0.000000, 0.000000, 0.000000, 0.000000, 0.000000, 0.000000, 0.000000, 0.000000, 0.000000, 0.000000, 0.000000, 0.000000, 0.000000, 0.000000, 0.000000, 0.000000, 0.000000, 0.000000, 0.000000, 0.997530, 0.006690, 0.000910, 0.000340, 0.731060, 0.006690, 0.000910, 0.017990, 0.000910, 0.500000, 0.500000, 0.000910, 0.268940, 0.119200, 0.000910, 0.047430, 0.500000, 0.268940, 0.119200, 0.880800, 1.280000, 0.050000, 1.000000, 0.310000, 6.110000, 0.420000, 0.230000, 0.156551, 0.291000, 0.043000, 0.053000, 0.903000
0.000000, 0.000000, 0.000000, 0.000000, 0.000000, 0.000000, 0.000000, 0.000000, 0.000000, 0.000000, 0.000000, 0.000000, 0.000000, 0.000000, 0.000000, 1.000000, 0.000000, 0.000000, 0.000000, 0.000000, 0.500000, 0.731060, 0.017990, 0.017990, 0.993310, 0.500000, 0.731060, 0.268940, 0.731060, 0.500000, 0.268940, 0.119200, 0.119200, 0.017990, 0.002470, 0.119200, 0.047430, 0.500000, 0.006690, 0.982010, 1.310000, 0.060000, 1.600000, -0.040000, 5.700000, 0.200000, 0.280000, 0.253637, 0.443000, 0.043000, 0.053000, 0.903000
0.000000, 0.000000, 0.000000, 0.000000, 0.000000, 0.000000, 0.000000, 0.000000, 0.000000, 0.000000, 0.000000, 0.000000, 0.000000, 0.000000, 0.000000, 0.000000, 0.000000, 1.000000, 0.000000, 0.000000, 0.017990, 0.006690, 0.002470, 0.000120, 0.017990, 0.017990, 0.000910, 0.000120, 0.002470, 0.993310, 0.982010, 0.000340, 0.500000, 0.952570, 0.000340, 0.000340, 0.006690, 0.000910, 0.017990, 0.880800, 3.670000, 0.140000, 3.000000, 1.220000, 6.020000, 0.270000, 0.490000, 0.182333, 0.243000, 0.043000, 0.053000, 0.903000
0.000000, 0.000000, 0.000000, 0.000000, 0.000000, 0.000000, 0.000000, 0.000000, 0.000000, 0.000000, 0.000000, 0.000000, 0.000000, 0.000000, 0.000000, 0.000000, 1.000000, 0.000000, 0.000000, 0.000000, 0.119200, 0.731060, 0.268940, 0.982010, 0.017990, 0.500000, 0.982010, 0.047430, 0.731060, 0.017990, 0.006690, 0.119200, 0.017990, 0.006690, 0.006690, 0.731060, 0.731060, 0.017990, 0.006690, 0.047430, 3.030000, 0.110000, 2.600000, 0.260000, 5.600000, 0.210000, 0.360000, 0.202729, 0.299000, 0.043000, 0.113000, 0.844000
0.000000, 0.000000, 0.000000, 0.000000, 0.000000, 0.000000, 0.000000, 0.000000, 0.000000, 1.000000, 0.000000, 0.000000, 0.000000, 0.000000, 0.000000, 0.000000, 0.000000, 0.000000, 0.000000, 0.000000, 0.119200, 0.119200, 0.002470, 0.000910, 0.500000, 0.017990, 0.006690, 0.047430, 0.047430, 0.731060, 0.880800, 0.017990, 0.880800, 0.997530, 0.006690, 0.047430, 0.047430, 0.993310, 0.880800, 0.731060, 2.590000, 0.190000, 4.000000, 1.700000, 6.040000, 0.390000, 0.310000, 0.191017, 0.214000, 0.043000, 0.113000, 0.844000
0.000000, 0.000000, 1.000000, 0.000000, 0.000000, 0.000000, 0.000000, 0.000000, 0.000000, 0.000000, 0.000000, 0.000000, 0.000000, 0.000000, 0.000000, 0.000000, 0.000000, 0.000000, 0.000000, 0.000000, 0.119200, 0.119200, 0.731060, 0.997530, 0.006690, 0.047430, 0.880800, 0.047430, 0.119200, 0.047430, 0.017990, 0.268940, 0.006690, 0.017990, 0.952570, 0.268940, 0.119200, 0.000910, 0.017990, 0.006690, 1.600000, 0.110000, 2.780000, -0.770000, 2.950000, 0.250000, 0.200000, 0.226518, 0.322000, 0.043000, 0.113000, 0.844000
0.000000, 0.000000, 0.000000, 1.000000, 0.000000, 0.000000, 0.000000, 0.000000, 0.000000, 0.000000, 0.000000, 0.000000, 0.000000, 0.000000, 0.000000, 0.000000, 0.000000, 0.000000, 0.000000, 0.000000, 0.731060, 0.268940, 0.500000, 0.731060, 0.119200, 0.731060, 0.952570, 0.731060, 0.500000, 0.500000, 0.047430, 0.500000, 0.047430, 0.017990, 0.268940, 0.268940, 0.731060, 0.119200, 0.017990, 0.268940, 1.560000, 0.150000, 3.780000, -0.640000, 3.090000, 0.420000, 0.210000, 0.174922, 0.205000, 0.043000, 0.113000, 0.844000
0.000000, 0.000000, 0.000000, 0.000000, 0.000000, 0.000000, 0.000000, 0.000000, 0.000000, 0.000000, 0.000000, 0.000000, 0.000000, 0.000000, 0.000000, 1.000000, 0.000000, 0.000000, 0.000000, 0.000000, 0.731060, 0.119200, 0.731060, 0.880800, 0.017990, 0.500000, 0.731060, 0.500000, 0.731060, 0.047430, 0.047430, 0.500000, 0.047430, 0.047430, 0.952570, 0.731060, 0.731060, 0.119200, 0.119200, 0.047430, 1.310000, 0.060000, 1.600000, -0.040000, 5.700000, 0.200000, 0.280000, 0.218336, 0.382000, 0.084000, 0.052000, 0.864000
0.000000, 0.000000, 0.000000, 0.000000, 0.000000, 1.000000, 0.000000, 0.000000, 0.000000, 0.000000, 0.000000, 0.000000, 0.000000, 0.000000, 0.000000, 0.000000, 0.000000, 0.000000, 0.000000, 0.000000, 0.500000, 0.500000, 0.268940, 0.731060, 0.017990, 0.731060, 0.268940, 0.993310, 0.731060, 0.002470, 0.006690, 0.047430, 0.047430, 0.006690, 0.017990, 0.500000, 0.047430, 0.982010, 0.002470, 0.006690, 0.000000, 0.000000, 0.000000, 0.000000, 6.070000, 0.130000, 0.150000, 0.067121, 0.175000, 0.087000, 0.113000, 0.800000
0.000000, 0.000000, 0.000000, 0.000000, 0.000000, 0.000000, 0.000000, 0.000000, 0.000000, 0.000000, 0.000000, 1.000000, 0.000000, 0.000000, 0.000000, 0.000000, 0.000000, 0.000000, 0.000000, 0.000000, 0.268940, 0.731060, 0.500000, 0.268940, 0.952570, 0.731060, 0.268940, 0.268940, 0.731060, 0.047430, 0.047430, 0.731060, 0.047430, 0.268940, 0.119200, 0.731060, 0.731060, 0.999090, 0.017990, 0.119200, 1.600000, 0.130000, 2.950000, -0.600000, 6.520000, 0.210000, 0.220000, 0.249287, 0.349000, 0.142000, 0.056000, 0.802000
0.000000, 0.000000, 0.000000, 0.000000, 0.000000, 1.000000, 0.000000, 0.000000, 0.000000, 0.000000, 0.000000, 0.000000, 0.000000, 0.000000, 0.000000, 0.000000, 0.000000, 0.000000, 0.000000, 0.000000, 0.952570, 0.017990, 0.047430, 0.006690, 0.880800, 0.017990, 0.047430, 0.993310, 0.002470, 0.002470, 0.002470, 0.119200, 0.500000, 0.047430, 0.017990, 0.500000, 0.047430, 0.993310, 0.017990, 0.006690, 0.000000, 0.000000, 0.000000, 0.000000, 6.070000, 0.130000, 0.150000, 0.062317, 0.162000, 0.084000, 0.052000, 0.864000
0.000000, 0.000000, 0.000000, 0.000000, 0.000000, 0.000000, 0.000000, 0.000000, 0.000000, 0.000000, 0.000000, 0.000000, 0.000000, 0.000000, 0.000000, 0.000000, 1.000000, 0.000000, 0.000000, 0.000000, 0.268940, 0.952570, 0.119200, 0.500000, 0.500000, 0.880800, 0.880800, 0.017990, 0.500000, 0.119200, 0.017990, 0.731060, 0.017990, 0.047430, 0.006690, 0.500000, 0.880800, 0.047430, 0.119200, 0.500000, 3.030000, 0.110000, 2.600000, 0.260000, 5.600000, 0.210000, 0.360000, 0.206317, 0.305000, 0.142000, 0.056000, 0.802000
0.000000, 0.000000, 0.000000, 0.000000, 1.000000, 0.000000, 0.000000, 0.000000, 0.000000, 0.000000, 0.000000, 0.000000, 0.000000, 0.000000, 0.000000, 0.000000, 0.000000, 0.000000, 0.000000, 0.000000, 0.017990, 0.006690, 0.006690, 0.000910, 0.047430, 0.119200, 0.000910, 0.002470, 0.006690, 0.880800, 0.997530, 0.002470, 0.731060, 0.731060, 0.006690, 0.002470, 0.047430, 0.002470, 0.119200, 0.500000, 2.940000, 0.290000, 5.890000, 1.790000, 5.670000, 0.300000, 0.380000, 0.211243, 0.216000, 0.142000, 0.056000, 0.802000
0.000000, 0.000000, 0.000000, 0.000000, 0.000000, 0.000000, 0.000000, 0.000000, 0.000000, 0.000000, 0.000000, 1.000000, 0.000000, 0.000000, 0.000000, 0.000000, 0.000000, 0.000000, 0.000000, 0.000000, 0.268940, 0.880800, 0.268940, 0.500000, 0.119200, 0.731060, 0.880800, 0.047430, 0.500000, 0.500000, 0.731060, 0.731060, 0.119200, 0.500000, 0.017990, 0.268940, 0.500000, 0.047430, 0.047430, 0.731060, 1.600000, 0.130000, 2.950000, -0.600000, 6.520000, 0.210000, 0.220000, 0.260008, 0.364000, 0.142000, 0.056000, 0.802000
0.000000, 0.000000, 0.000000, 0.000000, 0.000000, 0.000000, 0.000000, 0.000000, 0.000000, 0.000000, 0.000000, 0.000000, 0.000000, 0.000000, 0.000000, 0.000000, 0.000000, 0.000000, 1.000000, 0.000000, 0.880800, 0.500000, 0.017990, 0.119200, 0.006690, 0.500000, 0.119200, 0.268940, 0.268940, 0.002470, 0.119200, 0.047430, 0.119200, 0.731060, 0.000340, 0.047430, 0.017990, 0.999980, 0.047430, 0.002470, 3.210000, 0.410000, 8.080000, 2.250000, 5.940000, 0.320000, 0.420000, 0.289528, 0.247000, 0.216000, 0.064000, 0.721000
0.000000, 0.000000, 0.000000, 0.000000, 0.000000, 0.000000, 0.000000, 0.000000, 0.000000, 0.000000, 0.000000, 0.000000, 0.000000, 1.000000, 0.000000, 0.000000, 0.000000, 0.000000, 0.000000, 0.000000, 0.047430, 0.119200, 0.119200, 0.006690, 0.047430, 0.952570, 0.047430, 0.006690, 0.952570, 0.119200, 0.952570, 0.047430, 0.880800, 0.993310, 0.006690, 0.047430, 0.119200, 0.268940, 0.952570, 0.119200, 1.560000, 0.180000, 3.950000, -0.220000, 5.650000, 0.360000, 0.250000, 0.239338, 0.275000, 0.142000, 0.056000, 0.802000
0.000000, 0.000000, 0.000000, 0.000000, 0.000000, 0.000000, 0.000000, 0.000000, 0.000000, 0.000000, 1.000000, 0.000000, 0.000000, 0.000000, 0.000000, 0.000000, 0.000000, 0.000000, 0.000000, 0.000000, 0.119200, 0.047430, 0.047430, 0.119200, 0.047430, 0.268940, 0.119200, 0.002470, 0.880800, 0.952570, 0.952570, 0.047430, 0.880800, 0.731060, 0.002470, 0.047430, 0.500000, 0.952570, 0.500000, 0.880800, 2.350000, 0.220000, 4.430000, 1.230000, 5.710000, 0.380000, 0.320000, 0.304389, 0.312000, 0.084000, 0.052000, 0.864000
0.000000, 0.000000, 0.000000, 0.000000, 0.000000, 0.000000, 0.000000, 0.000000, 0.000000, 0.000000, 0.000000, 0.000000, 0.000000, 0.000000, 0.000000, 1.000000, 0.000000, 0.000000, 0.000000, 0.000000, 0.500000, 0.731060, 0.268940, 0.047430, 0.268940, 0.500000, 0.047430, 0.268940, 0.880800, 0.047430, 0.017990, 0.268940, 0.268940, 0.268940, 0.500000, 0.880800, 0.982010, 0.268940, 0.731060, 0.119200, 1.310000, 0.060000, 1.600000, -0.040000, 5.700000, 0.200000, 0.280000, 0.254779, 0.445000, 0.043000, 0.113000, 0.844000
0.000000, 0.000000, 0.000000, 0.000000, 0.000000, 0.000000, 0.000000, 0.000000, 0.000000, 0.000000, 0.000000, 0.000000, 1.000000, 0.000000, 0.000000, 0.000000, 0.000000, 0.000000, 0.000000, 0.000000, 0.006690, 0.000120, 0.000120, 0.006690, 0.000050, 0.268940, 0.000910, 0.000910, 0.006690, 0.000050, 0.000050, 0.000340, 0.000120, 0.000050, 0.999880, 0.017990, 0.000340, 0.000050, 0.000050, 0.000910, 2.670000, 0.000000, 2.720000, 0.720000, 6.800000, 0.130000, 0.340000, 0.119010, 0.172000, 0.043000, 0.113000, 0.844000
0.000000, 1.000000, 0.000000, 0.000000, 0.000000, 0.000000, 0.000000, 0.000000, 0.000000, 0.000000, 0.000000, 0.000000, 0.000000, 0.000000, 0.000000, 0.000000, 0.000000, 0.000000, 0.000000, 0.000000, 0.731060, 0.952570, 0.119200, 0.047430, 0.731060, 0.119200, 0.268940, 0.500000, 0.952570, 0.006690, 0.002470, 0.993310, 0.017990, 0.002470, 0.017990, 0.880800, 0.047430, 0.000910, 0.017990, 0.017990, 1.770000, 0.130000, 2.430000, 1.540000, 6.350000, 0.170000, 0.410000, 0.215153, 0.314000, 0.043000, 0.184000, 0.773000
0.000000, 0.000000, 0.000000, 0.000000, 0.000000, 0.000000, 0.000000, 0.000000, 0.000000, 0.000000, 0.000000, 1.000000, 0.000000, 0.000000, 0.000000, 0.000000, 0.000000, 0.000000, 0.000000, 0.000000, 0.268940, 0.119200, 0.500000, 0.880800, 0.047430, 0.982010, 0.880800, 0.047430, 0.268940, 0.047430, 0.500000, 0.119200, 0.500000, 0.119200, 0.017990, 0.731060, 0.500000, 0.500000, 0.119200, 0.500000, 1.600000, 0.130000, 2.950000, -0.600000, 6.520000, 0.210000, 0.220000, 0.267872, 0.375000, 0.043000, 0.268000, 0.689000
0.000000, 0.000000, 0.000000, 0.000000, 0.000000, 0.000000, 0.000000, 0.000000, 0.000000, 1.000000, 0.000000, 0.000000, 0.000000, 0.000000, 0.000000, 0.000000, 0.000000, 0.000000, 0.000000, 0.000000, 0.047430, 0.002470, 0.000910, 0.000910, 0.002470, 0.002470, 0.000910, 0.006690, 0.000910, 0.880800, 0.997530, 0.006690, 0.500000, 0.500000, 0.000910, 0.002470, 0.047430, 0.002470, 0.017990, 0.500000, 2.590000, 0.190000, 4.000000, 1.700000, 6.040000, 0.390000, 0.310000, 0.218551, 0.244000, 0.016000, 0.257000, 0.727000
0.000000, 0.000000, 0.000000, 0.000000, 0.000000, 0.000000, 0.000000, 0.000000, 1.000000, 0.000000, 0.000000, 0.000000, 0.000000, 0.000000, 0.000000, 0.000000, 0.000000, 0.000000, 0.000000, 0.000000, 0.268940, 0.997530, 0.047430, 0.017990, 0.002470, 0.500000, 0.047430, 0.047430, 0.268940, 0.002470, 0.006690, 0.982010, 0.119200, 0.002470, 0.047430, 0.880800, 0.119200, 0.002470, 0.006690, 0.006690, 1.890000, 0.220000, 4.770000, -0.990000, 9.990000, 0.320000, 0.270000, 0.270831, 0.270000, 0.016000, 0.257000, 0.727000
0.000000, 0.000000, 0.000000, 0.000000, 0.000000, 0.000000, 0.000000, 0.000000, 0.000000, 0.000000, 1.000000, 0.000000, 0.000000, 0.000000, 0.000000, 0.000000, 0.000000, 0.000000, 0.000000, 0.000000, 0.268940, 0.119200, 0.047430, 0.268940, 0.047430, 0.500000, 0.268940, 0.047430, 0.268940, 0.731060, 0.982010, 0.047430, 0.952570, 0.731060, 0.119200, 0.119200, 0.119200, 0.047430, 0.268940, 0.500000, 2.350000, 0.220000, 4.430000, 1.230000, 5.710000, 0.380000, 0.320000, 0.409207, 0.419000, 0.017000, 0.181000, 0.803000
1.000000, 0.000000, 0.000000, 0.000000, 0.000000, 0.000000, 0.000000, 0.000000, 0.000000, 0.000000, 0.000000, 0.000000, 0.000000, 0.000000, 0.000000, 0.000000, 0.000000, 0.000000, 0.000000, 0.000000, 0.982010, 0.047430, 0.047430, 0.119200, 0.500000, 0.047430, 0.268940, 0.047430, 0.017990, 0.880800, 0.500000, 0.268940, 0.731060, 0.268940, 0.047430, 0.500000, 0.119200, 0.017990, 0.047430, 0.880800, 1.280000, 0.050000, 1.000000, 0.310000, 6.110000, 0.420000, 0.230000, 0.228051, 0.424000, 0.043000, 0.184000, 0.773000
0.000000, 0.000000, 0.000000, 0.000000, 0.000000, 0.000000, 0.000000, 0.000000, 1.000000, 0.000000, 0.000000, 0.000000, 0.000000, 0.000000, 0.000000, 0.000000, 0.000000, 0.000000, 0.000000, 0.000000, 0.500000, 0.982010, 0.268940, 0.047430, 0.006690, 0.880800, 0.268940, 0.047430, 0.731060, 0.006690, 0.017990, 0.993310, 0.047430, 0.006690, 0.047430, 0.268940, 0.047430, 0.006690, 0.047430, 0.017990, 1.890000, 0.220000, 4.770000, -0.990000, 9.990000, 0.320000, 0.270000, 0.479804, 0.478000, 0.016000, 0.116000, 0.868000
1.000000, 0.000000, 0.000000, 0.000000, 0.000000, 0.000000, 0.000000, 0.000000, 0.000000, 0.000000, 0.000000, 0.000000, 0.000000, 0.000000, 0.000000, 0.000000, 0.000000, 0.000000, 0.000000, 0.000000, 0.993310, 0.047430, 0.119200, 0.047430, 0.119200, 0.119200, 0.119200, 0.268940, 0.047430, 0.047430, 0.047430, 0.119200, 0.047430, 0.017990, 0.119200, 0.982010, 0.268940, 0.017990, 0.047430, 0.119200, 1.280000, 0.050000, 1.000000, 0.310000, 6.110000, 0.420000, 0.230000, 0.305736, 0.568000, 0.017000, 0.058000, 0.925000
0.000000, 0.000000, 0.000000, 0.000000, 0.000000, 0.000000, 0.000000, 1.000000, 0.000000, 0.000000, 0.000000, 0.000000, 0.000000, 0.000000, 0.000000, 0.000000, 0.000000, 0.000000, 0.000000, 0.000000, 0.268940, 0.047430, 0.017990, 0.017990, 0.119200, 0.047430, 0.047430, 0.017990, 0.047430, 0.952570, 0.952570, 0.047430, 0.952570, 0.268940, 0.047430, 0.047430, 0.268940, 0.047430, 0.119200, 0.952570, 4.190000, 0.190000, 4.000000, 1.800000, 6.040000, 0.300000, 0.450000, 0.681605, 0.755000, 0.003000, 0.003000, 0.994000
